,Name,Monomer,Dimer,Trimer,RRU_Monomer,RRU_Dimer,RRU_Trimer
0,BCHA-PPV,CC(C)CCCC(C)C8CCCC9C7CCC6CC(Oc5cc(/C=C/*)c(OC4CCC3(C)C(CCC2C1CCCC(C(C)CCCC(C)C)C1(C)CCC23)C4)cc5*)CCC6(C)C7CCC89C,CC(C)CCCC(C)C1CCCC2C3CCC4CC(Oc5cc(C=Cc6cc(OC7CCC8(C)C(CCC9C8CCC8(C)C(C(C)CCCC(C)C)CCCC98)C7)c(C=C*)cc6OC6CCC7(C)C(CCC8C7CCC7(C)C(C(C)CCCC(C)C)CCCC87)C6)c(OC6CCC7(C)C(CCC8C7CCC7(C)C(C(C)CCCC(C)C)CCCC87)C6)cc5*)CCC4(C)C3CCC12C,CC(C)CCCC(C)C1CCCC2C3CCC4CC(Oc5cc(C=Cc6cc(OC7CCC8(C)C(CCC9C8CCC8(C)C(C(C)CCCC(C)C)CCCC98)C7)c(C=C*)cc6OC6CCC7(C)C(CCC8C7CCC7(C)C(C(C)CCCC(C)C)CCCC87)C6)c(OC6CCC7(C)C(CCC8C7CCC7(C)C(C(C)CCCC(C)C)CCCC87)C6)cc5*)CCC4(C)C3CCC12C,CC(C)CCCC(C)C1CCCC2C3CCC4CC(Oc5cc6c(OC7CCC8(C)C(CCC9C8CCC8(C)C(C(C)CCCC(C)C)CCCC98)C7)c:C:5C=C6)CCC4(C)C3CCC12C,CC(C)CCCC(C)C1CCCC2C3CCC4CC(Oc5cc6c(OC7CCC8(C)C(CCC9C8CCC8(C)C(C(C)CCCC(C)C)CCCC98)C7)cc5C=CC5:cc(OC7CCC8(C)C(CCC9C8CCC8(C)C(C(C)CCCC(C)C)CCCC98)C7)c(cc:5OC5CCC7(C)C(CCC8C7CCC7(C)C(C(C)CCCC(C)C)CCCC87)C5)C=C6)CCC4(C)C3CCC12C,CC(C)CCCC(C)C1CCCC2C3CCC4CC(Oc5cc6c(OC7CCC8(C)C(CCC9C8CCC8(C)C(C(C)CCCC(C)C)CCCC98)C7)cc5C=CC5:cc(OC7CCC8(C)C(CCC9C8CCC8(C)C(C(C)CCCC(C)C)CCCC98)C7)c(cc:5OC5CCC7(C)C(CCC8C7CCC7(C)C(C(C)CCCC(C)C)CCCC87)C5)C=C6)CCC4(C)C3CCC12C
1,PTVT-T ,*c3ccc(c2cc(C(=O)OCC(CCCC)CCCCCC)c(/C=C/c1sc(*)cc1C(=O)OCC(CCCC)CCCCCC)s2)s3,CCCCCCC(CCCC)COC(=O)c1cc(*)sc1/C=C/c1sc(-c2ccc(c3cc(C(=O)OCC(CCCC)CCCCCC)c(/C=C/c4sc(-c5ccc(*)s5)cc4C(=O)OCC(CCCC)CCCCCC)s3)s2)cc1C(=O)OCC(CCCC)CCCCCC,CCCCCCC(CCCC)COC(=O)c1cc(*)sc1/C=C/c1sc(-c2ccc(c3cc(C(=O)OCC(CCCC)CCCCCC)c(/C=C/c4sc(-c5ccc(*)s5)cc4C(=O)OCC(CCCC)CCCCCC)s3)s2)cc1C(=O)OCC(CCCC)CCCCCC,CCCCCCC(CCCC)COC(=O)c1cc2sc1/C=C/c1s:C(:cc1C(=O)OCC(CCCC)CCCCCC)C1:ccc-2s:1,CCCCCCC(CCCC)COC(=O)c1cc2sc1/C=C/c1sc(cc1C(=O)OCC(CCCC)CCCCCC)-c1ccc(s1)-c1cc(C(=O)OCC(CCCC)CCCCCC)c(s1)/C=C/c1s:C(:cc1C(=O)OCC(CCCC)CCCCCC)C1:ccc-2s:1,CCCCCCC(CCCC)COC(=O)c1cc2sc1/C=C/c1sc(cc1C(=O)OCC(CCCC)CCCCCC)-c1ccc(s1)-c1cc(C(=O)OCC(CCCC)CCCCCC)c(s1)/C=C/c1s:C(:cc1C(=O)OCC(CCCC)CCCCCC)C1:ccc-2s:1
2,PBTTT-C14,*c4cc(CCCCCCCCCCCCCC)c(c3cc2sc(c1sc(*)cc1CCCCCCCCCCCCCC)cc2s3)s4,CCCCCCCCCCCCCCc1cc(*)sc1-c1cc2sc(-c3sc(c4cc(CCCCCCCCCCCCCC)c(-c5cc6sc(-c7sc(*)cc7CCCCCCCCCCCCCC)cc6s5)s4)cc3CCCCCCCCCCCCCC)cc2s1,CCCCCCCCCCCCCCc1cc(*)sc1-c1cc2sc(-c3sc(c4cc(CCCCCCCCCCCCCC)c(-c5cc6sc(-c7sc(*)cc7CCCCCCCCCCCCCC)cc6s5)s4)cc3CCCCCCCCCCCCCC)cc2s1,CCCCCCCCCCCCCCc1c:C2:sc1-c1cc3sc(cc3s1)-c1s:C2:cc1CCCCCCCCCCCCCC,CCCCCCCCCCCCCCc1c:C2:sc1-c1cc3sc(cc3s1)-c1sc(cc1CCCCCCCCCCCCCC)-c1cc(CCCCCCCCCCCCCC)c(s1)-c1cc3sc(cc3s1)-c1s:C2:cc1CCCCCCCCCCCCCC,CCCCCCCCCCCCCCc1c:C2:sc1-c1cc3sc(cc3s1)-c1sc(cc1CCCCCCCCCCCCCC)-c1cc(CCCCCCCCCCCCCC)c(s1)-c1cc3sc(cc3s1)-c1s:C2:cc1CCCCCCCCCCCCCC
3,BEH-PPV,*/C=C/c1cc(OCC(CC)CCCC)c(*)cc1OCC(CC)CCCC,CCCCC(CC)COc1cc(C=Cc2cc(OCC(CC)CCCC)c(C=C*)cc2OCC(CC)CCCC)c(OCC(CC)CCCC)cc1*,CCCCC(CC)COc1cc(C=Cc2cc(OCC(CC)CCCC)c(C=C*)cc2OCC(CC)CCCC)c(OCC(CC)CCCC)cc1*,CCCCC(CC)COc1cc2c(OCC(CC)CCCC)c:C:1C=C2,CCCCC(CC)COc1cc2c(OCC(CC)CCCC)cc1C=CC1:cc(OCC(CC)CCCC)c(cc:1OCC(CC)CCCC)C=C2,CCCCC(CC)COc1cc2c(OCC(CC)CCCC)cc1C=CC1:cc(OCC(CC)CCCC)c(cc:1OCC(CC)CCCC)C=C2
4,rra-P3HT,*c1cc(CCCCCC)c(*)s1,CCCCCCc1cc(c2cc(CCCCCC)c(*)s2)sc1*,CCCCCCc1cc(c2cc(CCCCCC)c(*)s2)sc1*,CCCCCCc1c:C2:s:C:12,CCCCCCc1cc2s:C:1C1:sc-2cc:1CCCCCC,CCCCCCc1cc2s:C:1C1:sc-2cc:1CCCCCC
5,rr-P3HT,*c1cc(CCCCCC)c(*)s1,CCCCCCc1cc(c2sc(*)cc2CCCCCC)sc1*,CCCCCCc1cc(c2sc(*)cc2CCCCCC)sc1*,CCCCCCc1c:C2:s:C:12,CCCCCCc1cc2s:C:1C1:cc(CCCCCC)c-2s:1,CCCCCCc1cc2s:C:1C1:cc(CCCCCC)c-2s:1
6,MEH-PPV,*/C=C/c1cc(OCC(CC)CCCC)c(*)cc1OC,CCCCC(CC)COc1cc(C=Cc2cc(OC)c(C=C*)cc2OCC(CC)CCCC)c(OC)cc1*,CCCCC(CC)COc1cc(C=Cc2cc(OC)c(C=C*)cc2OCC(CC)CCCC)c(OC)cc1*,CCCCC(CC)COc1cc2c(OC)c:C:1C=C2,CCCCC(CC)COc1cc2c(OC)c:C:1C=Cc1cc(OCC(CC)CCCC)c(cc1OC)C=C2,CCCCC(CC)COc1cc2c(OC)c:C:1C=Cc1cc(OCC(CC)CCCC)c(cc1OC)C=C2
7,PTB7,CCCCC(CC)COc4c3cc(c1sc(*)c2c(F)c(C(=O)OC(CC)CCCC)sc12)sc3c(OCC(CC)CCCC)c5cc(*)sc45,CCCCC(CC)COc1c2cc(-c3sc(c4cc5c(OCC(CC)CCCC)c6sc(-c7sc(*)c8c(F)c(C(=O)OC(CC)CCCC)sc78)cc6c(OCC(CC)CCCC)c5s4)c4c(F)c(C(=O)OC(CC)CCCC)sc34)sc2c(OCC(CC)CCCC)c2cc(*)sc12,CCCCC(CC)COc1c2cc(-c3sc(c4cc5c(OCC(CC)CCCC)c6sc(-c7sc(*)c8c(F)c(C(=O)OC(CC)CCCC)sc78)cc6c(OCC(CC)CCCC)c5s4)c4c(F)c(C(=O)OC(CC)CCCC)sc34)sc2c(OCC(CC)CCCC)c2cc(*)sc12,CCCCC(CC)COc1c2c:C3:sc2c(OCC(CC)CCCC)c2cc(sc12)-c1s:C3:c2c(F)c(C(=O)OC(CC)CCCC)sc12,CCCCC(CC)COc1c2cc3sc2c(OCC(CC)CCCC)c2cc(sc12)-c1s:C(:c2c(F)c(C(=O)OC(CC)CCCC)sc12)C1:cc2c(OCC(CC)CCCC)c4sc(cc4c(OCC(CC)CCCC)c2s:1)-c1sc-3c2c(F)c(C(=O)OC(CC)CCCC)sc12,CCCCC(CC)COc1c2cc3sc2c(OCC(CC)CCCC)c2cc(sc12)-c1s:C(:c2c(F)c(C(=O)OC(CC)CCCC)sc12)C1:cc2c(OCC(CC)CCCC)c4sc(cc4c(OCC(CC)CCCC)c2s:1)-c1sc-3c2c(F)c(C(=O)OC(CC)CCCC)sc12
8,polyDTVI,*c1csc(*)c1/C=C/c2c(C)noc2C,Cc1noc(C)c1/C=C/c1c(c2scc(*)c2/C=C/c2c(C)noc2C)csc1*,Cc1noc(C)c1/C=C/c1c(c2scc(*)c2/C=C/c2c(C)noc2C)csc1*,Cc1noc(C)c1/C=C/c1:C2:cs:C:12,Cc1noc(C)c1/C=C/c1c2cs:C:1C1:csc-2c:1/C=C/c1c(C)noc1C,Cc1noc(C)c1/C=C/c1c2cs:C:1C1:csc-2c:1/C=C/c1c(C)noc1C
9,polyTVB,*c3cc(/C=C/c2nc1ccccc1[nH]2)c(*)s3,*c1cc(/C=C/c2nc3ccccc3[nH]2)c(c2cc(/C=C/c3nc4ccccc4[nH]3)c(*)s2)s1,*c1cc(/C=C/c2nc3ccccc3[nH]2)c(c2cc(/C=C/c3nc4ccccc4[nH]3)c(*)s2)s1,C(=C/c1c:C2:s:C:12)\c1nc2ccccc2[nH]1,C(=C/c1c:C2:sc1-c1cc(/C=C/c3nc4ccccc4[nH]3):C2:s1)\c1nc2ccccc2[nH]1,C(=C/c1c:C2:sc1-c1cc(/C=C/c3nc4ccccc4[nH]3):C2:s1)\c1nc2ccccc2[nH]1
10,DPP-DTT,*c6ccc(c5c4c(=O)n(CC(CCCCCCCC)CCCCCCCCCC)c(c3ccc(c2cc1sc(*)cc1s2)s3)c4c(=O)n5CC(CCCCCCCC)CCCCCCCCCC)s6,CCCCCCCCCCC(CCCCCCCC)CN1C(=O)C2=C(c3ccc(-c4cc5sc(c6ccc(C7=C8C(=O)N(CC(CCCCCCCC)CCCCCCCCCC)C(c9ccc(-c%10cc%11sc(*)cc%11s%10)s9)=C8C(=O)N7CC(CCCCCCCC)CCCCCCCCCC)s6)cc5s4)s3)N(CC(CCCCCCCC)CCCCCCCCCC)C(=O)C2=C1c1ccc(*)s1,CCCCCCCCCCC(CCCCCCCC)CN1C(=O)C2=C(c3ccc(-c4cc5sc(c6ccc(C7=C8C(=O)N(CC(CCCCCCCC)CCCCCCCCCC)C(c9ccc(-c%10cc%11sc(*)cc%11s%10)s9)=C8C(=O)N7CC(CCCCCCCC)CCCCCCCCCC)s6)cc5s4)s3)N(CC(CCCCCCCC)CCCCCCCCCC)C(=O)C2=C1c1ccc(*)s1,CCCCCCCCCCC(CCCCCCCC)CN1C(=O)C2=C3c4cc:C(:s4)C4:cc5sc(cc5s:4)-c4ccc(s4)C1=C2C(=O)N3CC(CCCCCCCC)CCCCCCCCCC,CCCCCCCCCCC(CCCCCCCC)CN1C(=O)C2=C3c4ccc(s4)-c4cc5sc(cc5s4)-c4ccc(s4)C4=C5C(=O)N(CC(CCCCCCCC)CCCCCCCCCC)C(=C5C(=O)N4CC(CCCCCCCC)CCCCCCCCCC)c4cc:C(:s4)C4:cc5sc(cc5s:4)-c4ccc(s4)C1=C2C(=O)N3CC(CCCCCCCC)CCCCCCCCCC,CCCCCCCCCCC(CCCCCCCC)CN1C(=O)C2=C3c4ccc(s4)-c4cc5sc(cc5s4)-c4ccc(s4)C4=C5C(=O)N(CC(CCCCCCCC)CCCCCCCCCC)C(=C5C(=O)N4CC(CCCCCCCC)CCCCCCCCCC)c4cc:C(:s4)C4:cc5sc(cc5s:4)-c4ccc(s4)C1=C2C(=O)N3CC(CCCCCCCC)CCCCCCCCCC
11,PF2-6,CCCCC(CC)C3(C(CC)CCCC)c1cc(*)ccc1c2ccc(*)cc23,CCCCC(CC)C1(C(CC)CCCC)c2cc(*)ccc2-c2ccc(c3ccc4c(c3)C(C(CC)CCCC)(C(CC)CCCC)c3cc(*)ccc3-4)cc21,CCCCC(CC)C1(C(CC)CCCC)c2cc(*)ccc2-c2ccc(c3ccc4c(c3)C(C(CC)CCCC)(C(CC)CCCC)c3cc(*)ccc3-4)cc21,CCCCC(CC)C1(C(CC)CCCC)c2c:C3:ccc2-c2cc:C3:cc21,CCCCC(CC)C1(C(CC)CCCC)c2c:C3:ccc2-c2ccc(cc21)-c1ccc2c(c1)C(C(CC)CCCC)(C(CC)CCCC)c1c:C3:ccc1-2,CCCCC(CC)C1(C(CC)CCCC)c2c:C3:ccc2-c2ccc(cc21)-c1ccc2c(c1)C(C(CC)CCCC)(C(CC)CCCC)c1c:C3:ccc1-2
12,4BCMU,CCCCOC(=O)CNC(=O)OCCC/C(*)=C(C#C*)/CCCOC(=O)NCC(=O)OCCCC,CCCCOC(=O)CNC(=O)OCCC/C(*)=C(\C#C/C(CCCOC(=O)NCC(=O)OCCCC)=C(/C#C*)CCCOC(=O)NCC(=O)OCCCC)CCCOC(=O)NCC(=O)OCCCC,CCCCOC(=O)CNC(=O)OCCC/C(*)=C(\C#C/C(CCCOC(=O)NCC(=O)OCCCC)=C(/C#C*)CCCOC(=O)NCC(=O)OCCCC)CCCOC(=O)NCC(=O)OCCCC,CCCCOC(=O)CNC(=O)OCCCC1=C(CCCOC(=O)NCC(=O)OCCCC)C#C1,CCCCOC(=O)CNC(=O)OCCC/C1=C(/CCCOC(=O)NCC(=O)OCCCC)C#C/C(CCCOC(=O)NCC(=O)OCCCC)=C(\CCCOC(=O)NCC(=O)OCCCC)C#C1,CCCCOC(=O)CNC(=O)OCCC/C1=C(/CCCOC(=O)NCC(=O)OCCCC)C#C/C(CCCOC(=O)NCC(=O)OCCCC)=C(\CCCOC(=O)NCC(=O)OCCCC)C#C1
13,PNDI-C5,*c6ccc(CCCCCc5ccc(c1cc3c(=O)n(CC(CCCCCCCC)CCCCCCCCCC)c(=O)c4c(*)cc2c(=O)n(CC(CCCCCCCC)CCCCCCCCCC)c(=O)c1c2c34)s5)s6,CCCCCCCCCCC(CCCCCCCC)CN1C(=O)c2cc(-c3ccc(CCCCCc4ccc(c5cc6c7c(c(-c8ccc(CCCCCc9ccc(*)s9)s8)cc8c7c5C(=O)N(CC(CCCCCCCC)CCCCCCCCCC)C8=O)C(=O)N(CC(CCCCCCCC)CCCCCCCCCC)C6=O)s4)s3)c3c4c(cc(*)c(c24)C1=O)C(=O)N(CC(CCCCCCCC)CCCCCCCCCC)C3=O,CCCCCCCCCCC(CCCCCCCC)CN1C(=O)c2cc(-c3ccc(CCCCCc4ccc(c5cc6c7c(c(-c8ccc(CCCCCc9ccc(*)s9)s8)cc8c7c5C(=O)N(CC(CCCCCCCC)CCCCCCCCCC)C8=O)C(=O)N(CC(CCCCCCCC)CCCCCCCCCC)C6=O)s4)s3)c3c4c(cc(*)c(c24)C1=O)C(=O)N(CC(CCCCCCCC)CCCCCCCCCC)C3=O,CCCCCCCCCCC(CCCCCCCC)CN1C(=O)c2cc3c4c5c(c:C(:c(c25)C1=O)C1:ccc(s:1)CCCCCc1ccc-3s1)C(=O)N(CC(CCCCCCCC)CCCCCCCCCC)C4=O,CCCCCCCCCCC(CCCCCCCC)CN1C(=O)c2cc3c4c5c(cc(c(c25)C1=O)-c1ccc(s1)CCCCCc1cc:C(:s1)C1:cc2c5c(c(cc6c5c:1C(=O)N(CC(CCCCCCCC)CCCCCCCCCC)C6=O)-c1ccc(s1)CCCCCc1ccc-3s1)C(=O)N(CC(CCCCCCCC)CCCCCCCCCC)C2=O)C(=O)N(CC(CCCCCCCC)CCCCCCCCCC)C4=O,CCCCCCCCCCC(CCCCCCCC)CN1C(=O)c2cc3c4c5c(cc(c(c25)C1=O)-c1ccc(s1)CCCCCc1cc:C(:s1)C1:cc2c5c(c(cc6c5c:1C(=O)N(CC(CCCCCCCC)CCCCCCCCCC)C6=O)-c1ccc(s1)CCCCCc1ccc-3s1)C(=O)N(CC(CCCCCCCC)CCCCCCCCCC)C2=O)C(=O)N(CC(CCCCCCCC)CCCCCCCCCC)C4=O
14,PTE-BS,[Na+].*c1cc(COCCCCS(=O)(=O)[O-])c(*)s1,O=S(=O)([O-])CCCCOCc1cc(c2sc(*)cc2COCCCCS(=O)(=O)[O-])sc1*.[Na+].[Na+],O=S(=O)([O-])CCCCOCc1cc(c2sc(*)cc2COCCCCS(=O)(=O)[O-])sc1*.[Na+].[Na+],O=S(=O)([O-])CCCCOCc1c:C2:s:C:12.[Na+],O=S(=O)([O-])CCCCOCc1cc2s:C:1C1:cc(COCCCCS(=O)(=O)[O-])c-2s:1.[Na+].[Na+],O=S(=O)([O-])CCCCOCc1cc2s:C:1C1:cc(COCCCCS(=O)(=O)[O-])c-2s:1.[Na+].[Na+]
15,PNDI-C3,*c6ccc(CCCc5ccc(c1cc3c(=O)n(CC(CCCCCCCC)CCCCCCCCCC)c(=O)c4c(*)cc2c(=O)n(CC(CCCCCCCC)CCCCCCCCCC)c(=O)c1c2c34)s5)s6,CCCCCCCCCCC(CCCCCCCC)CN1C(=O)c2cc(-c3ccc(CCCc4ccc(c5cc6c7c(c(-c8ccc(CCCc9ccc(*)s9)s8)cc8c7c5C(=O)N(CC(CCCCCCCC)CCCCCCCCCC)C8=O)C(=O)N(CC(CCCCCCCC)CCCCCCCCCC)C6=O)s4)s3)c3c4c(cc(*)c(c24)C1=O)C(=O)N(CC(CCCCCCCC)CCCCCCCCCC)C3=O,CCCCCCCCCCC(CCCCCCCC)CN1C(=O)c2cc(-c3ccc(CCCc4ccc(c5cc6c7c(c(-c8ccc(CCCc9ccc(*)s9)s8)cc8c7c5C(=O)N(CC(CCCCCCCC)CCCCCCCCCC)C8=O)C(=O)N(CC(CCCCCCCC)CCCCCCCCCC)C6=O)s4)s3)c3c4c(cc(*)c(c24)C1=O)C(=O)N(CC(CCCCCCCC)CCCCCCCCCC)C3=O,CCCCCCCCCCC(CCCCCCCC)CN1C(=O)c2cc3c4c5c(c:C(:c(c25)C1=O)C1:ccc(s:1)CCCc1ccc-3s1)C(=O)N(CC(CCCCCCCC)CCCCCCCCCC)C4=O,CCCCCCCCCCC(CCCCCCCC)CN1C(=O)c2cc3c4c5c(cc(c(c25)C1=O)-c1ccc(s1)CCCc1cc:C(:s1)C1:cc2c5c(c(cc6c5c:1C(=O)N(CC(CCCCCCCC)CCCCCCCCCC)C6=O)-c1ccc(s1)CCCc1ccc-3s1)C(=O)N(CC(CCCCCCCC)CCCCCCCCCC)C2=O)C(=O)N(CC(CCCCCCCC)CCCCCCCCCC)C4=O,CCCCCCCCCCC(CCCCCCCC)CN1C(=O)c2cc3c4c5c(cc(c(c25)C1=O)-c1ccc(s1)CCCc1cc:C(:s1)C1:cc2c5c(c(cc6c5c:1C(=O)N(CC(CCCCCCCC)CCCCCCCCCC)C6=O)-c1ccc(s1)CCCc1ccc-3s1)C(=O)N(CC(CCCCCCCC)CCCCCCCCCC)C2=O)C(=O)N(CC(CCCCCCCC)CCCCCCCCCC)C4=O
16,PQT-12,*c4cc(CCCCCCCCCCCC)c(c3ccc(c2ccc(c1sc(*)cc1CCCCCCCCCCCC)s2)s3)s4,CCCCCCCCCCCCc1cc(*)sc1-c1ccc(-c2ccc(-c3sc(c4cc(CCCCCCCCCCCC)c(-c5ccc(-c6ccc(-c7sc(*)cc7CCCCCCCCCCCC)s6)s5)s4)cc3CCCCCCCCCCCC)s2)s1,CCCCCCCCCCCCc1cc(*)sc1-c1ccc(-c2ccc(-c3sc(c4cc(CCCCCCCCCCCC)c(-c5ccc(-c6ccc(-c7sc(*)cc7CCCCCCCCCCCC)s6)s5)s4)cc3CCCCCCCCCCCC)s2)s1,CCCCCCCCCCCCc1c:C2:sc1-c1ccc(s1)-c1ccc(s1)-c1s:C2:cc1CCCCCCCCCCCC,CCCCCCCCCCCCc1c:C2:sc1-c1ccc(s1)-c1ccc(s1)-c1sc(cc1CCCCCCCCCCCC)-c1cc(CCCCCCCCCCCC)c(s1)-c1ccc(s1)-c1ccc(s1)-c1s:C2:cc1CCCCCCCCCCCC,CCCCCCCCCCCCc1c:C2:sc1-c1ccc(s1)-c1ccc(s1)-c1sc(cc1CCCCCCCCCCCC)-c1cc(CCCCCCCCCCCC)c(s1)-c1ccc(s1)-c1ccc(s1)-c1s:C2:cc1CCCCCCCCCCCC
17,DP10-PPV,*/C=C/c2cc(CCCCCCCCCC)c(*)c(c1ccccc1)c2c3ccccc3,CCCCCCCCCCc1cc(C=Cc2c(CCCCCCCCCC)cc(C=C*)c(-c3ccccc3)c2-c2ccccc2)c(-c2ccccc2)c(-c2ccccc2)c1*,CCCCCCCCCCc1cc(C=Cc2c(CCCCCCCCCC)cc(C=C*)c(-c3ccccc3)c2-c2ccccc2)c(-c2ccccc2)c(-c2ccccc2)c1*,CCCCCCCCCCc1cc2c(-c3ccccc3)c(-c3ccccc3):C:1C=C2,CCCCCCCCCCc1cc2c(-c3ccccc3)c(-c3ccccc3):C:1C=Cc1cc(CCCCCCCCCC)c(c(-c3ccccc3)c1-c1ccccc1)C=C2,CCCCCCCCCCc1cc2c(-c3ccccc3)c(-c3ccccc3):C:1C=Cc1cc(CCCCCCCCCC)c(c(-c3ccccc3)c1-c1ccccc1)C=C2
18,BDOPV-2T,*c9ccc8c(=c6c(=O)oc7cc5c(=c3c(=O)n(CCCC(CCCCCCCCCCCCCCCCCC)CCCCCCCCCCCCCCCCCC)c4cc(c2ccc(c1ccc(*)s1)s2)ccc34)c(=O)oc5cc67)c(=O)n(CCCC(CCCCCCCCCCCCCCCCCC)CCCCCCCCCCCCCCCCCC)c8c9,CCCCCCCCCCCCCCCCCCC(CCCCCCCCCCCCCCCCCC)CCCN1C(=O)C(=C2C(=O)Oc3cc4c(cc32)OC(=O)C4=C2C(=O)N(CCCC(CCCCCCCCCCCCCCCCCC)CCCCCCCCCCCCCCCCCC)c3cc(-c4ccc(-c5ccc(c6ccc7c(c6)N(CCCC(CCCCCCCCCCCCCCCCCC)CCCCCCCCCCCCCCCCCC)C(=O)C7=C6C(=O)Oc7cc8c(cc76)OC(=O)C8=C6C(=O)N(CCCC(CCCCCCCCCCCCCCCCCC)CCCCCCCCCCCCCCCCCC)c7cc(-c8ccc(-c9ccc(*)s9)s8)ccc76)s5)s4)ccc32)c2ccc(*)cc21,CCCCCCCCCCCCCCCCCCC(CCCCCCCCCCCCCCCCCC)CCCN1C(=O)C(=C2C(=O)Oc3cc4c(cc32)OC(=O)C4=C2C(=O)N(CCCC(CCCCCCCCCCCCCCCCCC)CCCCCCCCCCCCCCCCCC)c3cc(-c4ccc(-c5ccc(c6ccc7c(c6)N(CCCC(CCCCCCCCCCCCCCCCCC)CCCCCCCCCCCCCCCCCC)C(=O)C7=C6C(=O)Oc7cc8c(cc76)OC(=O)C8=C6C(=O)N(CCCC(CCCCCCCCCCCCCCCCCC)CCCCCCCCCCCCCCCCCC)c7cc(-c8ccc(-c9ccc(*)s9)s8)ccc76)s5)s4)ccc32)c2ccc(*)cc21,CCCCCCCCCCCCCCCCCCC(CCCCCCCCCCCCCCCCCC)CCCN1C(=O)C2=C3C(=O)Oc4cc5c(cc43)OC(=O)C5=C3C(=O)N(CCCC(CCCCCCCCCCCCCCCCCC)CCCCCCCCCCCCCCCCCC)c4c:C(:ccc43)C3:ccc(s:3)-c3ccc(s3)-c3ccc2c1c3,CCCCCCCCCCCCCCCCCCC(CCCCCCCCCCCCCCCCCC)CCCN1C(=O)C2=C3C(=O)Oc4cc5c(cc43)OC(=O)C5=C3C(=O)N(CCCC(CCCCCCCCCCCCCCCCCC)CCCCCCCCCCCCCCCCCC)c4c:C(:ccc43)C3:ccc(s:3)-c3ccc(s3)-c3ccc4c(c3)N(CCCC(CCCCCCCCCCCCCCCCCC)CCCCCCCCCCCCCCCCCC)C(=O)C4=C3C(=O)Oc4cc5c(cc43)OC(=O)C5=C3C(=O)N(CCCC(CCCCCCCCCCCCCCCCCC)CCCCCCCCCCCCCCCCCC)c4cc(ccc43)-c3ccc(s3)-c3ccc(s3)-c3ccc2c1c3,CCCCCCCCCCCCCCCCCCC(CCCCCCCCCCCCCCCCCC)CCCN1C(=O)C2=C3C(=O)Oc4cc5c(cc43)OC(=O)C5=C3C(=O)N(CCCC(CCCCCCCCCCCCCCCCCC)CCCCCCCCCCCCCCCCCC)c4c:C(:ccc43)C3:ccc(s:3)-c3ccc(s3)-c3ccc4c(c3)N(CCCC(CCCCCCCCCCCCCCCCCC)CCCCCCCCCCCCCCCCCC)C(=O)C4=C3C(=O)Oc4cc5c(cc43)OC(=O)C5=C3C(=O)N(CCCC(CCCCCCCCCCCCCCCCCC)CCCCCCCCCCCCCCCCCC)c4cc(ccc43)-c3ccc(s3)-c3ccc(s3)-c3ccc2c1c3
19,ProDOT-BTD,*c3ccc(c2sc(*)c1OCC(OCC(CC)CCCC)(OCC(CC)CCCC)COc12)c4nsnc34,CCCCC(CC)COC1(OCC(CC)CCCC)COc2c(*)sc(-c3ccc(c4sc(-c5ccc(*)c6nsnc56)c5c4OCC(OCC(CC)CCCC)(OCC(CC)CCCC)CO5)c4nsnc34)c2OC1,CCCCC(CC)COC1(OCC(CC)CCCC)COc2c(*)sc(-c3ccc(c4sc(-c5ccc(*)c6nsnc56)c5c4OCC(OCC(CC)CCCC)(OCC(CC)CCCC)CO5)c4nsnc34)c2OC1,CCCCC(CC)COC1(OCC(CC)CCCC)COc2:C3:sc(c2OC1)-c1cc:C3:c2nsnc12,CCCCC(CC)COC1(OCC(CC)CCCC)COc2c3s:C(:c2OC1)C1:ccc(c2nsnc:12)-c1sc(c2c1OCC(OCC(CC)CCCC)(OCC(CC)CCCC)CO2)-c1ccc-3c2nsnc12,CCCCC(CC)COC1(OCC(CC)CCCC)COc2c3s:C(:c2OC1)C1:ccc(c2nsnc:12)-c1sc(c2c1OCC(OCC(CC)CCCC)(OCC(CC)CCCC)CO2)-c1ccc-3c2nsnc12
20,PFT3,*c4ccc3c2ccc(c1ccc(*)s1)cc2C(CCC[N+](C)(C)CC)(CCC[N+](C)(CC)CC)c3c4.[Br-].[Br-],CC[N+](C)(C)CCCC1(CCC[N+](C)(CC)CC)c2cc(c3ccc(-c4ccc5c(c4)C(CCC[N+](C)(C)CC)(CCC[N+](C)(CC)CC)c4cc(*)ccc4-5)s3)ccc2-c2ccc(-c3ccc(*)s3)cc21.[Br-].[Br-].[Br-].[Br-],CC[N+](C)(C)CCCC1(CCC[N+](C)(CC)CC)c2cc(c3ccc(-c4ccc5c(c4)C(CCC[N+](C)(C)CC)(CCC[N+](C)(CC)CC)c4cc(*)ccc4-5)s3)ccc2-c2ccc(-c3ccc(*)s3)cc21.[Br-].[Br-].[Br-].[Br-],CC[N+](C)(C)CCCC1(CCC[N+](C)(CC)CC)c2c:C3:ccc2-c2ccc(cc21)-c1cc:C3:s1.[Br-].[Br-],CC[N+](C)(C)CCCC1(CCC[N+](C)(CC)CC)c2cc3ccc2-c2ccc(cc21)-c1cc:C(:s1)C1:ccc2c(c:1)C(CCC[N+](C)(C)CC)(CCC[N+](C)(CC)CC)c1cc(ccc1-2)-c1ccc-3s1.[Br-].[Br-].[Br-].[Br-],CC[N+](C)(C)CCCC1(CCC[N+](C)(CC)CC)c2cc3ccc2-c2ccc(cc21)-c1cc:C(:s1)C1:ccc2c(c:1)C(CCC[N+](C)(C)CC)(CCC[N+](C)(CC)CC)c1cc(ccc1-2)-c1ccc-3s1.[Br-].[Br-].[Br-].[Br-]
21,PPFOH,*C4=CCC3C1=C(CC(*)C=C1)[C@](O)(c2ccc(OCCCCCCCC)cc2)C3=C4,CCCCCCCCOc1ccc([C@]2(O)C3=CC(C4C=CC5=C(C4)[C@](O)(c4ccc(OCCCCCCCC)cc4)C4=CC(*)=CCC45)=CCC3C3=C2CC(*)C=C3)cc1,CCCCCCCCOc1ccc([C@]2(O)C3=CC(C4C=CC5=C(C4)[C@](O)(c4ccc(OCCCCCCCC)cc4)C4=CC(*)=CCC45)=CCC3C3=C2CC(*)C=C3)cc1,CCCCCCCCOc1ccc([C@]2(O)C3=CC4=CCC3C3=C2CC4C=C3)cc1,CCCCCCCCOc1ccc([C@]2(O)C3=CC4=CCC3C3=C2CC(C=C3)C2=CCC3C(=C2)[C@@](O)(c2ccc(OCCCCCCCC)cc2)C2=C3C=CC4C2)cc1,CCCCCCCCOc1ccc([C@]2(O)C3=CC4=CCC3C3=C2CC(C=C3)C2=CCC3C(=C2)[C@@](O)(c2ccc(OCCCCCCCC)cc2)C2=C3C=CC4C2)cc1
22,PNDI-C4,*c6ccc(CCCCc5ccc(c1cc3c(=O)n(CC(CCCCCCCC)CCCCCCCCCC)c(=O)c4c(*)cc2c(=O)n(CC(CCCCCCCC)CCCCCCCCCC)c(=O)c1c2c34)s5)s6,CCCCCCCCCCC(CCCCCCCC)CN1C(=O)c2cc(-c3ccc(CCCCc4ccc(c5cc6c7c(c(-c8ccc(CCCCc9ccc(*)s9)s8)cc8c7c5C(=O)N(CC(CCCCCCCC)CCCCCCCCCC)C8=O)C(=O)N(CC(CCCCCCCC)CCCCCCCCCC)C6=O)s4)s3)c3c4c(cc(*)c(c24)C1=O)C(=O)N(CC(CCCCCCCC)CCCCCCCCCC)C3=O,CCCCCCCCCCC(CCCCCCCC)CN1C(=O)c2cc(-c3ccc(CCCCc4ccc(c5cc6c7c(c(-c8ccc(CCCCc9ccc(*)s9)s8)cc8c7c5C(=O)N(CC(CCCCCCCC)CCCCCCCCCC)C8=O)C(=O)N(CC(CCCCCCCC)CCCCCCCCCC)C6=O)s4)s3)c3c4c(cc(*)c(c24)C1=O)C(=O)N(CC(CCCCCCCC)CCCCCCCCCC)C3=O,CCCCCCCCCCC(CCCCCCCC)CN1C(=O)c2cc3c4c5c(c:C(:c(c25)C1=O)C1:ccc(s:1)CCCCc1ccc-3s1)C(=O)N(CC(CCCCCCCC)CCCCCCCCCC)C4=O,CCCCCCCCCCC(CCCCCCCC)CN1C(=O)c2cc3c4c5c(cc(c(c25)C1=O)-c1ccc(s1)CCCCc1cc:C(:s1)C1:cc2c5c(c(cc6c5c:1C(=O)N(CC(CCCCCCCC)CCCCCCCCCC)C6=O)-c1ccc(s1)CCCCc1ccc-3s1)C(=O)N(CC(CCCCCCCC)CCCCCCCCCC)C2=O)C(=O)N(CC(CCCCCCCC)CCCCCCCCCC)C4=O,CCCCCCCCCCC(CCCCCCCC)CN1C(=O)c2cc3c4c5c(cc(c(c25)C1=O)-c1ccc(s1)CCCCc1cc:C(:s1)C1:cc2c5c(c(cc6c5c:1C(=O)N(CC(CCCCCCCC)CCCCCCCCCC)C6=O)-c1ccc(s1)CCCCc1ccc-3s1)C(=O)N(CC(CCCCCCCC)CCCCCCCCCC)C2=O)C(=O)N(CC(CCCCCCCC)CCCCCCCCCC)C4=O
23,P3EOT,*c1cc(COCCOCCOCCOC)c(*)s1,COCCOCCOCCOCc1cc(c2sc(*)cc2COCCOCCOCCOC)sc1*,COCCOCCOCCOCc1cc(c2sc(*)cc2COCCOCCOCCOC)sc1*,COCCOCCOCCOCc1c:C2:s:C:12,COCCOCCOCCOCc1cc2s:C:1C1:cc(COCCOCCOCCOC)c-2s:1,COCCOCCOCCOCc1cc2s:C:1C1:cc(COCCOCCOCCOC)c-2s:1
24,PNDI-C6,*c6ccc(CCCCCCc5ccc(c1cc3c(=O)n(CC(CCCCCCCC)CCCCCCCCCC)c(=O)c4c(*)cc2c(=O)n(CC(CCCCCCCC)CCCCCCCCCC)c(=O)c1c2c34)s5)s6,CCCCCCCCCCC(CCCCCCCC)CN1C(=O)c2cc(-c3ccc(CCCCCCc4ccc(c5cc6c7c(c(-c8ccc(CCCCCCc9ccc(*)s9)s8)cc8c7c5C(=O)N(CC(CCCCCCCC)CCCCCCCCCC)C8=O)C(=O)N(CC(CCCCCCCC)CCCCCCCCCC)C6=O)s4)s3)c3c4c(cc(*)c(c24)C1=O)C(=O)N(CC(CCCCCCCC)CCCCCCCCCC)C3=O,CCCCCCCCCCC(CCCCCCCC)CN1C(=O)c2cc(-c3ccc(CCCCCCc4ccc(c5cc6c7c(c(-c8ccc(CCCCCCc9ccc(*)s9)s8)cc8c7c5C(=O)N(CC(CCCCCCCC)CCCCCCCCCC)C8=O)C(=O)N(CC(CCCCCCCC)CCCCCCCCCC)C6=O)s4)s3)c3c4c(cc(*)c(c24)C1=O)C(=O)N(CC(CCCCCCCC)CCCCCCCCCC)C3=O,CCCCCCCCCCC(CCCCCCCC)CN1C(=O)c2cc3c4c5c(c:C(:c(c25)C1=O)C1:ccc(s:1)CCCCCCc1ccc-3s1)C(=O)N(CC(CCCCCCCC)CCCCCCCCCC)C4=O,CCCCCCCCCCC(CCCCCCCC)CN1C(=O)c2cc3c4c5c(cc(c(c25)C1=O)-c1ccc(s1)CCCCCCc1cc:C(:s1)C1:cc2c5c(c(cc6c5c:1C(=O)N(CC(CCCCCCCC)CCCCCCCCCC)C6=O)-c1ccc(s1)CCCCCCc1ccc-3s1)C(=O)N(CC(CCCCCCCC)CCCCCCCCCC)C2=O)C(=O)N(CC(CCCCCCCC)CCCCCCCCCC)C4=O,CCCCCCCCCCC(CCCCCCCC)CN1C(=O)c2cc3c4c5c(cc(c(c25)C1=O)-c1ccc(s1)CCCCCCc1cc:C(:s1)C1:cc2c5c(c(cc6c5c:1C(=O)N(CC(CCCCCCCC)CCCCCCCCCC)C6=O)-c1ccc(s1)CCCCCCc1ccc-3s1)C(=O)N(CC(CCCCCCCC)CCCCCCCCCC)C2=O)C(=O)N(CC(CCCCCCCC)CCCCCCCCCC)C4=O
25,F4BDOPV-2T,*c9ccc(c8ccc(c7c(F)cc6c(=c4c(=O)oc5cc3c(=c1c(=O)n(CCCC(CCCCCCCCCCCCCCCCCC)CCCCCCCCCCCCCCCCCC)c2c(F)c(*)c(F)cc12)c(=O)oc3cc45)c(=O)n(CCCC(CCCCCCCCCCCCCCCCCC)CCCCCCCCCCCCCCCCCC)c6c7F)s8)s9,CCCCCCCCCCCCCCCCCCC(CCCCCCCCCCCCCCCCCC)CCCN1C(=O)C(=C2C(=O)Oc3cc4c(cc32)OC(=O)C4=C2C(=O)N(CCCC(CCCCCCCCCCCCCCCCCC)CCCCCCCCCCCCCCCCCC)c3c2cc(F)c(-c2ccc(-c4ccc(c5c(F)cc6c(c5F)N(CCCC(CCCCCCCCCCCCCCCCCC)CCCCCCCCCCCCCCCCCC)C(=O)C6=C5C(=O)Oc6cc7c(cc65)OC(=O)C7=C5C(=O)N(CCCC(CCCCCCCCCCCCCCCCCC)CCCCCCCCCCCCCCCCCC)c6c5cc(F)c(-c5ccc(-c7ccc(*)s7)s5)c6F)s4)s2)c3F)c2cc(F)c(*)c(F)c21,CCCCCCCCCCCCCCCCCCC(CCCCCCCCCCCCCCCCCC)CCCN1C(=O)C(=C2C(=O)Oc3cc4c(cc32)OC(=O)C4=C2C(=O)N(CCCC(CCCCCCCCCCCCCCCCCC)CCCCCCCCCCCCCCCCCC)c3c2cc(F)c(-c2ccc(-c4ccc(c5c(F)cc6c(c5F)N(CCCC(CCCCCCCCCCCCCCCCCC)CCCCCCCCCCCCCCCCCC)C(=O)C6=C5C(=O)Oc6cc7c(cc65)OC(=O)C7=C5C(=O)N(CCCC(CCCCCCCCCCCCCCCCCC)CCCCCCCCCCCCCCCCCC)c6c5cc(F)c(-c5ccc(-c7ccc(*)s7)s5)c6F)s4)s2)c3F)c2cc(F)c(*)c(F)c21,CCCCCCCCCCCCCCCCCCC(CCCCCCCCCCCCCCCCCC)CCCN1C(=O)C2=C3C(=O)Oc4cc5c(cc43)OC(=O)C5=C3C(=O)N(CCCC(CCCCCCCCCCCCCCCCCC)CCCCCCCCCCCCCCCCCC)c4c3cc(F)c(c4F)-c3ccc(s3)-c3cc:C(:s3)C3:c(F)cc2c1c:3F,CCCCCCCCCCCCCCCCCCC(CCCCCCCCCCCCCCCCCC)CCCN1C(=O)C2=C3C(=O)Oc4cc5c(cc43)OC(=O)C5=C3C(=O)N(CCCC(CCCCCCCCCCCCCCCCCC)CCCCCCCCCCCCCCCCCC)c4c3cc(F):C(:c4F)C3:ccc(s:3)-c3ccc(s3)-c3c(F)cc4c(c3F)N(CCCC(CCCCCCCCCCCCCCCCCC)CCCCCCCCCCCCCCCCCC)C(=O)C4=C3C(=O)Oc4cc5c(cc43)OC(=O)C5=C3C(=O)N(CCCC(CCCCCCCCCCCCCCCCCC)CCCCCCCCCCCCCCCCCC)c4c3cc(F)c(c4F)-c3ccc(s3)-c3ccc(s3)-c3c(F)cc2c1c3F,CCCCCCCCCCCCCCCCCCC(CCCCCCCCCCCCCCCCCC)CCCN1C(=O)C2=C3C(=O)Oc4cc5c(cc43)OC(=O)C5=C3C(=O)N(CCCC(CCCCCCCCCCCCCCCCCC)CCCCCCCCCCCCCCCCCC)c4c3cc(F):C(:c4F)C3:ccc(s:3)-c3ccc(s3)-c3c(F)cc4c(c3F)N(CCCC(CCCCCCCCCCCCCCCCCC)CCCCCCCCCCCCCCCCCC)C(=O)C4=C3C(=O)Oc4cc5c(cc43)OC(=O)C5=C3C(=O)N(CCCC(CCCCCCCCCCCCCCCCCC)CCCCCCCCCCCCCCCCCC)c4c3cc(F)c(c4F)-c3ccc(s3)-c3ccc(s3)-c3c(F)cc2c1c3F
26,P1,*c7ccc(c6c5c(=O)n(CC(CCCCCCCCCC)CCCCCCCCCCCC)c(c4ccc(c3cc(NC(=O)CCCCC)c(c2cnc(c1sc(*)cc1NC(=O)CCCCC)cn2)s3)s4)c5c(=O)n6CC(CCCCCCCCCC)CCCCCCCCCCCC)s7,CCCCCCCCCCCCC(CCCCCCCCCC)CN1C(=O)C2=C(c3ccc(-c4cc(NC(=O)CCCCC)c(-c5cnc(-c6sc(c7ccc(C8=C9C(=O)N(CC(CCCCCCCCCC)CCCCCCCCCCCC)C(c%10ccc(-c%11cc(NC(=O)CCCCC)c(-c%12cnc(-c%13sc(*)cc%13NC(=O)CCCCC)cn%12)s%11)s%10)=C9C(=O)N8CC(CCCCCCCCCC)CCCCCCCCCCCC)s7)cc6NC(=O)CCCCC)cn5)s4)s3)N(CC(CCCCCCCCCC)CCCCCCCCCCCC)C(=O)C2=C1c1ccc(*)s1,CCCCCCCCCCCCC(CCCCCCCCCC)CN1C(=O)C2=C(c3ccc(-c4cc(NC(=O)CCCCC)c(-c5cnc(-c6sc(c7ccc(C8=C9C(=O)N(CC(CCCCCCCCCC)CCCCCCCCCCCC)C(c%10ccc(-c%11cc(NC(=O)CCCCC)c(-c%12cnc(-c%13sc(*)cc%13NC(=O)CCCCC)cn%12)s%11)s%10)=C9C(=O)N8CC(CCCCCCCCCC)CCCCCCCCCCCC)s7)cc6NC(=O)CCCCC)cn5)s4)s3)N(CC(CCCCCCCCCC)CCCCCCCCCCCC)C(=O)C2=C1c1ccc(*)s1,CCCCCCCCCCCCC(CCCCCCCCCC)CN1C(=O)C2=C3c4cc:C(:s4)C4:cc(NC(=O)CCCCC)c(s:4)-c4cnc(cn4)-c4sc(cc4NC(=O)CCCCC)-c4ccc(s4)C1=C2C(=O)N3CC(CCCCCCCCCC)CCCCCCCCCCCC,CCCCCCCCCCCCC(CCCCCCCCCC)CN1C(=O)C2=C3c4ccc(s4)-c4cc(NC(=O)CCCCC)c(s4)-c4cnc(cn4)-c4sc(cc4NC(=O)CCCCC)-c4ccc(s4)C4=C5C(=O)N(CC(CCCCCCCCCC)CCCCCCCCCCCC)C(=C5C(=O)N4CC(CCCCCCCCCC)CCCCCCCCCCCC)c4cc:C(:s4)C4:cc(NC(=O)CCCCC)c(s:4)-c4cnc(cn4)-c4sc(cc4NC(=O)CCCCC)-c4ccc(s4)C1=C2C(=O)N3CC(CCCCCCCCCC)CCCCCCCCCCCC,CCCCCCCCCCCCC(CCCCCCCCCC)CN1C(=O)C2=C3c4ccc(s4)-c4cc(NC(=O)CCCCC)c(s4)-c4cnc(cn4)-c4sc(cc4NC(=O)CCCCC)-c4ccc(s4)C4=C5C(=O)N(CC(CCCCCCCCCC)CCCCCCCCCCCC)C(=C5C(=O)N4CC(CCCCCCCCCC)CCCCCCCCCCCC)c4cc:C(:s4)C4:cc(NC(=O)CCCCC)c(s:4)-c4cnc(cn4)-c4sc(cc4NC(=O)CCCCC)-c4ccc(s4)C1=C2C(=O)N3CC(CCCCCCCCCC)CCCCCCCCCCCC
27,DPP-T,*c5ccc(c4ccc(c3c2c(=O)n(CC(CCCCCCCCCC)CCCCCCCCCCCC)c(c1ccc(*)s1)c2c(=O)n3CC(CCCCCCCCCC)CCCCCCCCCCCC)s4)s5,CCCCCCCCCCCCC(CCCCCCCCCC)CN1C(=O)C2=C(c3ccc(-c4ccc(c5ccc(C6=C7C(=O)N(CC(CCCCCCCCCC)CCCCCCCCCCCC)C(c8ccc(-c9ccc(*)s9)s8)=C7C(=O)N6CC(CCCCCCCCCC)CCCCCCCCCCCC)s5)s4)s3)N(CC(CCCCCCCCCC)CCCCCCCCCCCC)C(=O)C2=C1c1ccc(*)s1,CCCCCCCCCCCCC(CCCCCCCCCC)CN1C(=O)C2=C(c3ccc(-c4ccc(c5ccc(C6=C7C(=O)N(CC(CCCCCCCCCC)CCCCCCCCCCCC)C(c8ccc(-c9ccc(*)s9)s8)=C7C(=O)N6CC(CCCCCCCCCC)CCCCCCCCCCCC)s5)s4)s3)N(CC(CCCCCCCCCC)CCCCCCCCCCCC)C(=O)C2=C1c1ccc(*)s1,CCCCCCCCCCCCC(CCCCCCCCCC)CN1C(=O)C2=C3c4ccc(s4)-c4cc:C(:s4)C4:ccc(s:4)C1=C2C(=O)N3CC(CCCCCCCCCC)CCCCCCCCCCCC,CCCCCCCCCCCCC(CCCCCCCCCC)CN1C(=O)C2=C3c4ccc(s4)-c4ccc(s4)-c4ccc(s4)C4=C5C(=O)N(CC(CCCCCCCCCC)CCCCCCCCCCCC)C(=C5C(=O)N4CC(CCCCCCCCCC)CCCCCCCCCCCC)c4cc:C(:s4)C4:ccc(s:4)-c4ccc(s4)C1=C2C(=O)N3CC(CCCCCCCCCC)CCCCCCCCCCCC,CCCCCCCCCCCCC(CCCCCCCCCC)CN1C(=O)C2=C3c4ccc(s4)-c4ccc(s4)-c4ccc(s4)C4=C5C(=O)N(CC(CCCCCCCCCC)CCCCCCCCCCCC)C(=C5C(=O)N4CC(CCCCCCCCCC)CCCCCCCCCCCC)c4cc:C(:s4)C4:ccc(s:4)-c4ccc(s4)C1=C2C(=O)N3CC(CCCCCCCCCC)CCCCCCCCCCCC
28,P4,CCCCCCCCCCCCc5cc(c4ccc(c1ccc(*)cc1S(=O)(=O)Oc2cc(C(C)(C)C)cc(C(C)(C)C)c2)c(S(=O)(=O)Oc3cc(C(C)(C)C)cc(C(C)(C)C)c3)c4)c(C)cc5*,CCCCCCCCCCCCc1cc(-c2ccc(-c3ccc(c4cc(C)c(-c5ccc(-c6ccc(*)cc6S(=O)(=O)Oc6cc(C(C)(C)C)cc(C(C)(C)C)c6)c(S(=O)(=O)Oc6cc(C(C)(C)C)cc(C(C)(C)C)c6)c5)cc4CCCCCCCCCCCC)cc3S(=O)(=O)Oc3cc(C(C)(C)C)cc(C(C)(C)C)c3)c(S(=O)(=O)Oc3cc(C(C)(C)C)cc(C(C)(C)C)c3)c2)c(C)cc1*,CCCCCCCCCCCCc1cc(-c2ccc(-c3ccc(c4cc(C)c(-c5ccc(-c6ccc(*)cc6S(=O)(=O)Oc6cc(C(C)(C)C)cc(C(C)(C)C)c6)c(S(=O)(=O)Oc6cc(C(C)(C)C)cc(C(C)(C)C)c6)c5)cc4CCCCCCCCCCCC)cc3S(=O)(=O)Oc3cc(C(C)(C)C)cc(C(C)(C)C)c3)c(S(=O)(=O)Oc3cc(C(C)(C)C)cc(C(C)(C)C)c3)c2)c(C)cc1*,CCCCCCCCCCCCc1cc2c(C)c:C:1C1:ccc(c(S(=O)(=O)Oc3cc(C(C)(C)C)cc(C(C)(C)C)c3)c:1)-c1ccc-2cc1S(=O)(=O)Oc1cc(C(C)(C)C)cc(C(C)(C)C)c1,CCCCCCCCCCCCc1cc2c(C)c:C:1C1:ccc(c(S(=O)(=O)Oc3cc(C(C)(C)C)cc(C(C)(C)C)c3)c:1)-c1ccc(cc1S(=O)(=O)Oc1cc(C(C)(C)C)cc(C(C)(C)C)c1)-c1cc(CCCCCCCCCCCC)c(cc1C)-c1ccc(c(S(=O)(=O)Oc3cc(C(C)(C)C)cc(C(C)(C)C)c3)c1)-c1ccc-2cc1S(=O)(=O)Oc1cc(C(C)(C)C)cc(C(C)(C)C)c1,CCCCCCCCCCCCc1cc2c(C)c:C:1C1:ccc(c(S(=O)(=O)Oc3cc(C(C)(C)C)cc(C(C)(C)C)c3)c:1)-c1ccc(cc1S(=O)(=O)Oc1cc(C(C)(C)C)cc(C(C)(C)C)c1)-c1cc(CCCCCCCCCCCC)c(cc1C)-c1ccc(c(S(=O)(=O)Oc3cc(C(C)(C)C)cc(C(C)(C)C)c3)c1)-c1ccc-2cc1S(=O)(=O)Oc1cc(C(C)(C)C)cc(C(C)(C)C)c1
29,PffBT4T-C9C13,*c6ccc(c5ccc(c4sc(c2c(F)c(F)c(c1cc(CC(CCCCCCCCC)CCCCCCCCCCC)c(*)s1)c3nsnc23)cc4CC(CCCCCCCCC)CCCCCCCCCCC)s5)s6,CCCCCCCCCCCC(CCCCCCCCC)Cc1cc(-c2c(F)c(F)c(-c3cc(CC(CCCCCCCCC)CCCCCCCCCCC)c(-c4ccc(-c5ccc(c6sc(-c7c(F)c(F)c(-c8cc(CC(CCCCCCCCC)CCCCCCCCCCC)c(-c9ccc(-c%10ccc(*)s%10)s9)s8)c8nsnc78)cc6CC(CCCCCCCCC)CCCCCCCCCCC)s5)s4)s3)c3nsnc23)sc1*,CCCCCCCCCCCC(CCCCCCCCC)Cc1cc(-c2c(F)c(F)c(-c3cc(CC(CCCCCCCCC)CCCCCCCCCCC)c(-c4ccc(-c5ccc(c6sc(-c7c(F)c(F)c(-c8cc(CC(CCCCCCCCC)CCCCCCCCCCC)c(-c9ccc(-c%10ccc(*)s%10)s9)s8)c8nsnc78)cc6CC(CCCCCCCCC)CCCCCCCCCCC)s5)s4)s3)c3nsnc23)sc1*,CCCCCCCCCCCC(CCCCCCCCC)Cc1cc2s:C:1C1:ccc(s:1)-c1ccc(s1)-c1sc(cc1CC(CCCCCCCCC)CCCCCCCCCCC)-c1c(F)c(F)c-2c2nsnc12,CCCCCCCCCCCC(CCCCCCCCC)Cc1cc2s:C:1C1:ccc(s:1)-c1ccc(s1)-c1sc(cc1CC(CCCCCCCCC)CCCCCCCCCCC)-c1c(F)c(F)c(c3nsnc13)-c1cc(CC(CCCCCCCCC)CCCCCCCCCCC)c(s1)-c1ccc(s1)-c1ccc(s1)-c1sc(cc1CC(CCCCCCCCC)CCCCCCCCCCC)-c1c(F)c(F)c-2c2nsnc12,CCCCCCCCCCCC(CCCCCCCCC)Cc1cc2s:C:1C1:ccc(s:1)-c1ccc(s1)-c1sc(cc1CC(CCCCCCCCC)CCCCCCCCCCC)-c1c(F)c(F)c(c3nsnc13)-c1cc(CC(CCCCCCCCC)CCCCCCCCCCC)c(s1)-c1ccc(s1)-c1ccc(s1)-c1sc(cc1CC(CCCCCCCCC)CCCCCCCCCCC)-c1c(F)c(F)c-2c2nsnc12
30,CP,*c4ccc(c3ccc2c1ccc(*)cc1n(C(CCCCCCCCCCCC)CCCCCCCCCCCC)c2c3)cc4,CCCCCCCCCCCCC(CCCCCCCCCCCC)n1c2cc(*)ccc2c2ccc(-c3ccc(c4ccc5c6ccc(-c7ccc(*)cc7)cc6n(C(CCCCCCCCCCCC)CCCCCCCCCCCC)c5c4)cc3)cc21,CCCCCCCCCCCCC(CCCCCCCCCCCC)n1c2cc(*)ccc2c2ccc(-c3ccc(c4ccc5c6ccc(-c7ccc(*)cc7)cc6n(C(CCCCCCCCCCCC)CCCCCCCCCCCC)c5c4)cc3)cc21,CCCCCCCCCCCCC(CCCCCCCCCCCC)n1c2cc3ccc2c2cc:C(:cc21)C1:ccc-3cc:1,CCCCCCCCCCCCC(CCCCCCCCCCCC)n1c2c:C3:ccc2c2ccc(cc21)-c1ccc(cc1)-c1ccc2c4ccc(cc4n(C(CCCCCCCCCCCC)CCCCCCCCCCCC)c2c1)-c1cc:C3:cc1,CCCCCCCCCCCCC(CCCCCCCCCCCC)n1c2c:C3:ccc2c2ccc(cc21)-c1ccc(cc1)-c1ccc2c4ccc(cc4n(C(CCCCCCCCCCCC)CCCCCCCCCCCC)c2c1)-c1cc:C3:cc1
31,DPP-3T,*c7ccc(c6ccc(c5ccc(c4ccc(c3c2c(=O)n(CC(CCCCCCCCCC)CCCCCCCCCCCC)c(c1ccc(*)s1)c2c(=O)n3CC(CCCCCCCCCC)CCCCCCCCCCCC)s4)s5)s6)s7,CCCCCCCCCCCCC(CCCCCCCCCC)CN1C(=O)C2=C(c3ccc(-c4ccc(-c5ccc(-c6ccc(c7ccc(C8=C9C(=O)N(CC(CCCCCCCCCC)CCCCCCCCCCCC)C(c%10ccc(-c%11ccc(-c%12ccc(-c%13ccc(*)s%13)s%12)s%11)s%10)=C9C(=O)N8CC(CCCCCCCCCC)CCCCCCCCCCCC)s7)s6)s5)s4)s3)N(CC(CCCCCCCCCC)CCCCCCCCCCCC)C(=O)C2=C1c1ccc(*)s1,CCCCCCCCCCCCC(CCCCCCCCCC)CN1C(=O)C2=C(c3ccc(-c4ccc(-c5ccc(-c6ccc(c7ccc(C8=C9C(=O)N(CC(CCCCCCCCCC)CCCCCCCCCCCC)C(c%10ccc(-c%11ccc(-c%12ccc(-c%13ccc(*)s%13)s%12)s%11)s%10)=C9C(=O)N8CC(CCCCCCCCCC)CCCCCCCCCCCC)s7)s6)s5)s4)s3)N(CC(CCCCCCCCCC)CCCCCCCCCCCC)C(=O)C2=C1c1ccc(*)s1,CCCCCCCCCCCCC(CCCCCCCCCC)CN1C(=O)C2=C3c4ccc(s4)-c4ccc(s4)-c4ccc(s4)-c4cc:C(:s4)C4:ccc(s:4)C1=C2C(=O)N3CC(CCCCCCCCCC)CCCCCCCCCCCC,CCCCCCCCCCCCC(CCCCCCCCCC)CN1C(=O)C2=C3c4ccc(s4)-c4ccc(s4)-c4ccc(s4)-c4ccc(s4)-c4ccc(s4)C4=C5C(=O)N(CC(CCCCCCCCCC)CCCCCCCCCCCC)C(=C5C(=O)N4CC(CCCCCCCCCC)CCCCCCCCCCCC)c4cc:C(:s4)C4:ccc(s:4)-c4ccc(s4)-c4ccc(s4)-c4ccc(s4)C1=C2C(=O)N3CC(CCCCCCCCCC)CCCCCCCCCCCC,CCCCCCCCCCCCC(CCCCCCCCCC)CN1C(=O)C2=C3c4ccc(s4)-c4ccc(s4)-c4ccc(s4)-c4ccc(s4)-c4ccc(s4)C4=C5C(=O)N(CC(CCCCCCCCCC)CCCCCCCCCCCC)C(=C5C(=O)N4CC(CCCCCCCCCC)CCCCCCCCCCCC)c4cc:C(:s4)C4:ccc(s:4)-c4ccc(s4)-c4ccc(s4)-c4ccc(s4)C1=C2C(=O)N3CC(CCCCCCCCCC)CCCCCCCCCCCC
32,P3DDT,*c1cc(CCCCCCCCCCCC)c(*)s1,CCCCCCCCCCCCc1cc(c2sc(*)cc2CCCCCCCCCCCC)sc1*,CCCCCCCCCCCCc1cc(c2sc(*)cc2CCCCCCCCCCCC)sc1*,CCCCCCCCCCCCc1c:C2:s:C:12,CCCCCCCCCCCCc1cc2s:C:1C1:cc(CCCCCCCCCCCC)c-2s:1,CCCCCCCCCCCCc1cc2s:C:1C1:cc(CCCCCCCCCCCC)c-2s:1
33,PffBT4T-C8C12,*c6ccc(c5ccc(c4sc(c2c(F)c(F)c(c1cc(CC(CCCCCCCC)CCCCCCCCCC)c(*)s1)c3nsnc23)cc4C(CCCCCCCC)CCCCCCCCCC)s5)s6,CCCCCCCCCCC(CCCCCCCC)Cc1cc(-c2c(F)c(F)c(-c3cc(C(CCCCCCCC)CCCCCCCCCC)c(-c4ccc(-c5ccc(c6sc(-c7c(F)c(F)c(-c8cc(C(CCCCCCCC)CCCCCCCCCC)c(-c9ccc(-c%10ccc(*)s%10)s9)s8)c8nsnc78)cc6CC(CCCCCCCC)CCCCCCCCCC)s5)s4)s3)c3nsnc23)sc1*,CCCCCCCCCCC(CCCCCCCC)Cc1cc(-c2c(F)c(F)c(-c3cc(C(CCCCCCCC)CCCCCCCCCC)c(-c4ccc(-c5ccc(c6sc(-c7c(F)c(F)c(-c8cc(C(CCCCCCCC)CCCCCCCCCC)c(-c9ccc(-c%10ccc(*)s%10)s9)s8)c8nsnc78)cc6CC(CCCCCCCC)CCCCCCCCCC)s5)s4)s3)c3nsnc23)sc1*,CCCCCCCCCCC(CCCCCCCC)Cc1cc2s:C:1C1:ccc(s:1)-c1ccc(s1)-c1sc(cc1C(CCCCCCCC)CCCCCCCCCC)-c1c(F)c(F)c-2c2nsnc12,CCCCCCCCCCC(CCCCCCCC)Cc1cc2s:C:1C1:ccc(s:1)-c1ccc(s1)-c1sc(cc1C(CCCCCCCC)CCCCCCCCCC)-c1c(F)c(F)c(c3nsnc13)-c1cc(CC(CCCCCCCC)CCCCCCCCCC)c(s1)-c1ccc(s1)-c1ccc(s1)-c1sc(cc1C(CCCCCCCC)CCCCCCCCCC)-c1c(F)c(F)c-2c2nsnc12,CCCCCCCCCCC(CCCCCCCC)Cc1cc2s:C:1C1:ccc(s:1)-c1ccc(s1)-c1sc(cc1C(CCCCCCCC)CCCCCCCCCC)-c1c(F)c(F)c(c3nsnc13)-c1cc(CC(CCCCCCCC)CCCCCCCCCC)c(s1)-c1ccc(s1)-c1ccc(s1)-c1sc(cc1C(CCCCCCCC)CCCCCCCCCC)-c1c(F)c(F)c-2c2nsnc12
34,NDI-T-2OD,*c5ccc(c1cc3c(=O)n(CC(CCCCCCCC)CCCCCCCCCC)c(=O)c4c(*)cc2c(=O)n(CC(CCCCCCCC)CCCCCCCCCC)c(=O)c1c2c34)s5,CCCCCCCCCCC(CCCCCCCC)CN1C(=O)c2cc(-c3ccc(c4cc5c6c(c(-c7ccc(*)s7)cc7c6c4C(=O)N(CC(CCCCCCCC)CCCCCCCCCC)C7=O)C(=O)N(CC(CCCCCCCC)CCCCCCCCCC)C5=O)s3)c3c4c(cc(*)c(c24)C1=O)C(=O)N(CC(CCCCCCCC)CCCCCCCCCC)C3=O,CCCCCCCCCCC(CCCCCCCC)CN1C(=O)c2cc(-c3ccc(c4cc5c6c(c(-c7ccc(*)s7)cc7c6c4C(=O)N(CC(CCCCCCCC)CCCCCCCCCC)C7=O)C(=O)N(CC(CCCCCCCC)CCCCCCCCCC)C5=O)s3)c3c4c(cc(*)c(c24)C1=O)C(=O)N(CC(CCCCCCCC)CCCCCCCCCC)C3=O,CCCCCCCCCCC(CCCCCCCC)CN1C(=O)c2cc3c4c5c(c:C(:c(c25)C1=O)C1:ccc-3s:1)C(=O)N(CC(CCCCCCCC)CCCCCCCCCC)C4=O,CCCCCCCCCCC(CCCCCCCC)CN1C(=O)c2cc3c4c5c(cc(c(c25)C1=O)-c1cc:C(:s1)C1:cc2c5c(c(cc6c5c:1C(=O)N(CC(CCCCCCCC)CCCCCCCCCC)C6=O)-c1ccc-3s1)C(=O)N(CC(CCCCCCCC)CCCCCCCCCC)C2=O)C(=O)N(CC(CCCCCCCC)CCCCCCCCCC)C4=O,CCCCCCCCCCC(CCCCCCCC)CN1C(=O)c2cc3c4c5c(cc(c(c25)C1=O)-c1cc:C(:s1)C1:cc2c5c(c(cc6c5c:1C(=O)N(CC(CCCCCCCC)CCCCCCCCCC)C6=O)-c1ccc-3s1)C(=O)N(CC(CCCCCCCC)CCCCCCCCCC)C2=O)C(=O)N(CC(CCCCCCCC)CCCCCCCCCC)C4=O
35,BAMH-PPV,*/C=C/c1cc(N(C)CCCCCC)c(*)cc1N(C)CCCCCC,CCCCCCN(C)c1cc(C=Cc2cc(N(C)CCCCCC)c(C=C*)cc2N(C)CCCCCC)c(N(C)CCCCCC)cc1*,CCCCCCN(C)c1cc(C=Cc2cc(N(C)CCCCCC)c(C=C*)cc2N(C)CCCCCC)c(N(C)CCCCCC)cc1*,CCCCCCN(C)c1cc2c(N(C)CCCCCC)c:C:1C=C2,CCCCCCN(C)c1cc2c(N(C)CCCCCC)cc1C=CC1:cc(N(C)CCCCCC)c(cc:1N(C)CCCCCC)C=C2,CCCCCCN(C)c1cc2c(N(C)CCCCCC)cc1C=CC1:cc(N(C)CCCCCC)c(cc:1N(C)CCCCCC)C=C2
36,D18-Cl,*c%11cc%10c(c1cc(Cl)c(CC(CC)CCCC)s1)c8sc(c7cc(CC(CCCC)CCCCCC)c(c6cc5c2nsnc2c4cc(c3cc(*)c(CC(CCCC)CCCCCC)s3)sc4c5s6)s7)cc8c(c9cc(Cl)c(CC(CC)CCCC)s9)c%10s%11,CCCCCCC(CCCC)Cc1cc(-c2cc3c(-c4cc(Cl)c(CC(CC)CCCC)s4)c4sc(c5cc(-c6cc7c8nsnc8c8cc(-c9sc(-c%10cc%11c(-c%12cc(Cl)c(CC(CC)CCCC)s%12)c%12sc(*)cc%12c(-c%12cc(Cl)c(CC(CC)CCCC)s%12)c%11s%10)cc9CC(CCCC)CCCCCC)sc8c7s6)sc5CC(CCCC)CCCCCC)cc4c(-c4cc(Cl)c(CC(CC)CCCC)s4)c3s2)sc1-c1cc2c3nsnc3c3cc(-c4cc(*)c(CC(CCCC)CCCCCC)s4)sc3c2s1,CCCCCCC(CCCC)Cc1cc(-c2cc3c(-c4cc(Cl)c(CC(CC)CCCC)s4)c4sc(c5cc(-c6cc7c8nsnc8c8cc(-c9sc(-c%10cc%11c(-c%12cc(Cl)c(CC(CC)CCCC)s%12)c%12sc(*)cc%12c(-c%12cc(Cl)c(CC(CC)CCCC)s%12)c%11s%10)cc9CC(CCCC)CCCCCC)sc8c7s6)sc5CC(CCCC)CCCCCC)cc4c(-c4cc(Cl)c(CC(CC)CCCC)s4)c3s2)sc1-c1cc2c3nsnc3c3cc(-c4cc(*)c(CC(CCCC)CCCCCC)s4)sc3c2s1,CCCCCCC(CCCC)Cc1cc2sc1-c1cc3c4nsnc4c4cc(sc4c3s1)-c1c:C(:c(CC(CCCC)CCCCCC)s1)C1:cc3c(-c4cc(Cl)c(CC(CC)CCCC)s4)c4sc-2cc4c(-c2cc(Cl)c(CC(CC)CCCC)s2)c3s:1,CCCCCCC(CCCC)Cc1cc2sc1-c1cc3c4nsnc4c4cc(sc4c3s1)-c1c:C(:c(CC(CCCC)CCCCCC)s1)C1:cc3c(-c4cc(Cl)c(CC(CC)CCCC)s4)c4sc(cc4c(-c4cc(Cl)c(CC(CC)CCCC)s4)c3s:1)-c1cc(CC(CCCC)CCCCCC)c(s1)-c1cc3c4nsnc4c4cc(sc4c3s1)-c1cc(c(CC(CCCC)CCCCCC)s1)-c1cc3c(-c4cc(Cl)c(CC(CC)CCCC)s4)c4sc-2cc4c(-c2cc(Cl)c(CC(CC)CCCC)s2)c3s1,CCCCCCC(CCCC)Cc1cc2sc1-c1cc3c4nsnc4c4cc(sc4c3s1)-c1c:C(:c(CC(CCCC)CCCCCC)s1)C1:cc3c(-c4cc(Cl)c(CC(CC)CCCC)s4)c4sc(cc4c(-c4cc(Cl)c(CC(CC)CCCC)s4)c3s:1)-c1cc(CC(CCCC)CCCCCC)c(s1)-c1cc3c4nsnc4c4cc(sc4c3s1)-c1cc(c(CC(CCCC)CCCCCC)s1)-c1cc3c(-c4cc(Cl)c(CC(CC)CCCC)s4)c4sc-2cc4c(-c2cc(Cl)c(CC(CC)CCCC)s2)c3s1
37,PPP2,CCCCCCc6ccc(c2cc(*)cc(c1ccc(CCCCCC)cc1)c2c4c(c3ccc(CCCCCC)cc3)cc(*)cc4c5ccc(CCCCCC)cc5)cc6,CCCCCCc1ccc(-c2cc(*)cc(-c3ccc(CCCCCC)cc3)c2-c2c(-c3ccc(CCCCCC)cc3)cc(c3cc(-c4ccc(CCCCCC)cc4)c(-c4c(-c5ccc(CCCCCC)cc5)cc(*)cc4-c4ccc(CCCCCC)cc4)c(-c4ccc(CCCCCC)cc4)c3)cc2-c2ccc(CCCCCC)cc2)cc1,CCCCCCc1ccc(-c2cc(*)cc(-c3ccc(CCCCCC)cc3)c2-c2c(-c3ccc(CCCCCC)cc3)cc(c3cc(-c4ccc(CCCCCC)cc4)c(-c4c(-c5ccc(CCCCCC)cc5)cc(*)cc4-c4ccc(CCCCCC)cc4)c(-c4ccc(CCCCCC)cc4)c3)cc2-c2ccc(CCCCCC)cc2)cc1,CCCCCCc1ccc(-c2c:C3:cc(-c4ccc(CCCCCC)cc4)c2-c2c(-c4ccc(CCCCCC)cc4)c:C3:cc2-c2ccc(CCCCCC)cc2)cc1,CCCCCCc1ccc(-c2c:C3:cc(-c4ccc(CCCCCC)cc4)c2-c2c(-c4ccc(CCCCCC)cc4)cc(cc2-c2ccc(CCCCCC)cc2)-c2cc(-c4ccc(CCCCCC)cc4)c(c(-c4ccc(CCCCCC)cc4)c2)-c2c(-c4ccc(CCCCCC)cc4)c:C3:cc2-c2ccc(CCCCCC)cc2)cc1,CCCCCCc1ccc(-c2c:C3:cc(-c4ccc(CCCCCC)cc4)c2-c2c(-c4ccc(CCCCCC)cc4)cc(cc2-c2ccc(CCCCCC)cc2)-c2cc(-c4ccc(CCCCCC)cc4)c(c(-c4ccc(CCCCCC)cc4)c2)-c2c(-c4ccc(CCCCCC)cc4)c:C3:cc2-c2ccc(CCCCCC)cc2)cc1
38,PBTTT-C16,*c4cc(CCCCCCCCCCCCCCCC)c(c3cc2sc(c1sc(*)cc1CCCCCCCCCCCCCCCC)cc2s3)s4,CCCCCCCCCCCCCCCCc1cc(*)sc1-c1cc2sc(-c3sc(c4cc(CCCCCCCCCCCCCCCC)c(-c5cc6sc(-c7sc(*)cc7CCCCCCCCCCCCCCCC)cc6s5)s4)cc3CCCCCCCCCCCCCCCC)cc2s1,CCCCCCCCCCCCCCCCc1cc(*)sc1-c1cc2sc(-c3sc(c4cc(CCCCCCCCCCCCCCCC)c(-c5cc6sc(-c7sc(*)cc7CCCCCCCCCCCCCCCC)cc6s5)s4)cc3CCCCCCCCCCCCCCCC)cc2s1,CCCCCCCCCCCCCCCCc1c:C2:sc1-c1cc3sc(cc3s1)-c1s:C2:cc1CCCCCCCCCCCCCCCC,CCCCCCCCCCCCCCCCc1c:C2:sc1-c1cc3sc(cc3s1)-c1sc(cc1CCCCCCCCCCCCCCCC)-c1cc(CCCCCCCCCCCCCCCC)c(s1)-c1cc3sc(cc3s1)-c1s:C2:cc1CCCCCCCCCCCCCCCC,CCCCCCCCCCCCCCCCc1c:C2:sc1-c1cc3sc(cc3s1)-c1sc(cc1CCCCCCCCCCCCCCCC)-c1cc(CCCCCCCCCCCCCCCC)c(s1)-c1cc3sc(cc3s1)-c1s:C2:cc1CCCCCCCCCCCCCCCC
39,DPPDTT,*c6ccc(c5cc4sc(c3ccc(c2c1c(=O)n(CC(CCCCCCCC)CCCCCCCCCC)c(*)c1c(=O)n2CC(CCCCCCCC)CCCCCCCCCC)s3)cc4s5)s6,CCCCCCCCCCC(CCCCCCCC)CN1C(=O)C2=C(c3ccc(-c4cc5sc(-c6ccc(C7=C8C(=O)N(CC(CCCCCCCC)CCCCCCCCCC)C(c9ccc(-c%10cc%11sc(-c%12ccc(*)s%12)cc%11s%10)s9)=C8C(=O)N7CC(CCCCCCCC)CCCCCCCCCC)s6)cc5s4)s3)N(CC(CCCCCCCC)CCCCCCCCCC)C(=O)C2=C1*,CCCCCCCCCCC(CCCCCCCC)CN1C(=O)C2=C(c3ccc(-c4cc5sc(-c6ccc(C7=C8C(=O)N(CC(CCCCCCCC)CCCCCCCCCC)C(c9ccc(-c%10cc%11sc(-c%12ccc(*)s%12)cc%11s%10)s9)=C8C(=O)N7CC(CCCCCCCC)CCCCCCCCCC)s6)cc5s4)s3)N(CC(CCCCCCCC)CCCCCCCCCC)C(=O)C2=C1*,CCCCCCCCCCC(CCCCCCCC)CN1C(=O)C2=C3c4ccc(s4)-c4cc5sc(cc5s4)-c4cc:C(:s4)C1=C2C(=O)N3CC(CCCCCCCC)CCCCCCCCCC,CCCCCCCCCCC(CCCCCCCC)CN1C(=O)C2=C3c4ccc(s4)-c4cc5sc(cc5s4)-c4ccc(s4)C4=C5C(=O)N(CC(CCCCCCCC)CCCCCCCCCC)C(=C5C(=O)N4CC(CCCCCCCC)CCCCCCCCCC)C4:ccc(s:4)-c4cc5sc(cc5s4)-c4ccc(s4)C1=C2C(=O)N3CC(CCCCCCCC)CCCCCCCCCC,CCCCCCCCCCC(CCCCCCCC)CN1C(=O)C2=C3c4ccc(s4)-c4cc5sc(cc5s4)-c4ccc(s4)C4=C5C(=O)N(CC(CCCCCCCC)CCCCCCCCCC)C(=C5C(=O)N4CC(CCCCCCCC)CCCCCCCCCC)C4:ccc(s:4)-c4cc5sc(cc5s4)-c4ccc(s4)C1=C2C(=O)N3CC(CCCCCCCC)CCCCCCCCCC
40,P3EHT,*c1cc(CC(CC)CCCC)c(*)s1,CCCCC(CC)Cc1cc(c2sc(*)cc2CC(CC)CCCC)sc1*,CCCCC(CC)Cc1cc(c2sc(*)cc2CC(CC)CCCC)sc1*,CCCCC(CC)Cc1c:C2:s:C:12,CCCCC(CC)Cc1cc2s:C:1C1:cc(CC(CC)CCCC)c-2s:1,CCCCC(CC)Cc1cc2s:C:1C1:cc(CC(CC)CCCC)c-2s:1
41,NDI-2T- 2HD,*c6ccc(c5ccc(c1cc3c(=O)n(CC(CCCCCC)CCCCCCCC)c(=O)c4c(*)cc2c(=O)n(CC(CCCCCC)CCCCCCCC)c(=O)c1c2c34)s5)s6,CCCCCCCCC(CCCCCC)CN1C(=O)c2cc(-c3ccc(-c4ccc(c5cc6c7c(c(-c8ccc(-c9ccc(*)s9)s8)cc8c7c5C(=O)N(CC(CCCCCC)CCCCCCCC)C8=O)C(=O)N(CC(CCCCCC)CCCCCCCC)C6=O)s4)s3)c3c4c(cc(*)c(c24)C1=O)C(=O)N(CC(CCCCCC)CCCCCCCC)C3=O,CCCCCCCCC(CCCCCC)CN1C(=O)c2cc(-c3ccc(-c4ccc(c5cc6c7c(c(-c8ccc(-c9ccc(*)s9)s8)cc8c7c5C(=O)N(CC(CCCCCC)CCCCCCCC)C8=O)C(=O)N(CC(CCCCCC)CCCCCCCC)C6=O)s4)s3)c3c4c(cc(*)c(c24)C1=O)C(=O)N(CC(CCCCCC)CCCCCCCC)C3=O,CCCCCCCCC(CCCCCC)CN1C(=O)c2cc3c4c5c(c:C(:c(c25)C1=O)C1:ccc(s:1)-c1ccc-3s1)C(=O)N(CC(CCCCCC)CCCCCCCC)C4=O,CCCCCCCCC(CCCCCC)CN1C(=O)c2cc3c4c5c(cc(c(c25)C1=O)-c1ccc(s1)-c1cc:C(:s1)C1:cc2c5c(c(cc6c5c:1C(=O)N(CC(CCCCCC)CCCCCCCC)C6=O)-c1ccc(s1)-c1ccc-3s1)C(=O)N(CC(CCCCCC)CCCCCCCC)C2=O)C(=O)N(CC(CCCCCC)CCCCCCCC)C4=O,CCCCCCCCC(CCCCCC)CN1C(=O)c2cc3c4c5c(cc(c(c25)C1=O)-c1ccc(s1)-c1cc:C(:s1)C1:cc2c5c(c(cc6c5c:1C(=O)N(CC(CCCCCC)CCCCCCCC)C6=O)-c1ccc(s1)-c1ccc-3s1)C(=O)N(CC(CCCCCC)CCCCCCCC)C2=O)C(=O)N(CC(CCCCCC)CCCCCCCC)C4=O
42,P(NDI2OD-T2),*c6ccc(c5ccc(c1cc3c(=O)n(CC(CCCCCCCC)CCCCCCCCCC)c(=O)c4c(*)cc2c(=O)n(CC(CCCCCCCC)CCCCCCCCCC)c(=O)c1c2c34)s5)s6,CCCCCCCCCCC(CCCCCCCC)CN1C(=O)c2cc(-c3ccc(-c4ccc(c5cc6c7c(c(-c8ccc(-c9ccc(*)s9)s8)cc8c7c5C(=O)N(CC(CCCCCCCC)CCCCCCCCCC)C8=O)C(=O)N(CC(CCCCCCCC)CCCCCCCCCC)C6=O)s4)s3)c3c4c(cc(*)c(c24)C1=O)C(=O)N(CC(CCCCCCCC)CCCCCCCCCC)C3=O,CCCCCCCCCCC(CCCCCCCC)CN1C(=O)c2cc(-c3ccc(-c4ccc(c5cc6c7c(c(-c8ccc(-c9ccc(*)s9)s8)cc8c7c5C(=O)N(CC(CCCCCCCC)CCCCCCCCCC)C8=O)C(=O)N(CC(CCCCCCCC)CCCCCCCCCC)C6=O)s4)s3)c3c4c(cc(*)c(c24)C1=O)C(=O)N(CC(CCCCCCCC)CCCCCCCCCC)C3=O,CCCCCCCCCCC(CCCCCCCC)CN1C(=O)c2cc3c4c5c(c:C(:c(c25)C1=O)C1:ccc(s:1)-c1ccc-3s1)C(=O)N(CC(CCCCCCCC)CCCCCCCCCC)C4=O,CCCCCCCCCCC(CCCCCCCC)CN1C(=O)c2cc3c4c5c(cc(c(c25)C1=O)-c1ccc(s1)-c1cc:C(:s1)C1:cc2c5c(c(cc6c5c:1C(=O)N(CC(CCCCCCCC)CCCCCCCCCC)C6=O)-c1ccc(s1)-c1ccc-3s1)C(=O)N(CC(CCCCCCCC)CCCCCCCCCC)C2=O)C(=O)N(CC(CCCCCCCC)CCCCCCCCCC)C4=O,CCCCCCCCCCC(CCCCCCCC)CN1C(=O)c2cc3c4c5c(cc(c(c25)C1=O)-c1ccc(s1)-c1cc:C(:s1)C1:cc2c5c(c(cc6c5c:1C(=O)N(CC(CCCCCCCC)CCCCCCCCCC)C6=O)-c1ccc(s1)-c1ccc-3s1)C(=O)N(CC(CCCCCCCC)CCCCCCCCCC)C2=O)C(=O)N(CC(CCCCCCCC)CCCCCCCCCC)C4=O
43,LP,CCCCCCCCCCCCC(CCCCCCCCCCCC)n5c1cc(*)c(C(C)=*)cc1c4cc3c(C)cc2cc(*)c(C=*)cc2c3cc45,CCCCCCCCCCCCC(CCCCCCCCCCCC)n1c2cc(*)c(C(C)=*)cc2c2cc3c(C)cc4cc5c(cc4c3cc21)C=C(C)c1cc2c3cc4c(C)cc6cc(*)c(C=*)cc6c4cc3n(C(CCCCCCCCCCCC)CCCCCCCCCCCC)c2cc15,CCCCCCCCCCCCC(CCCCCCCCCCCC)n1c2cc(*)c(C(C)=*)cc2c2cc3c(C)cc4cc5c(cc4c3cc21)C=C(C)c1cc2c3cc4c(C)cc6cc(*)c(C=*)cc6c4cc3n(C(CCCCCCCCCCCC)CCCCCCCCCCCC)c2cc15,CCCCCCCCCCCCC(CCCCCCCCCCCC)n1c2cc3c4cc2c2cc5c(C)cc6cc(c(cc6c5cc21)C=C4C)3,CCCCCCCCCCCCC(CCCCCCCCCCCC)n1c2cc3c4cc2c2cc5c(C)cc6cc7c(cc(C)c8cc9c%10cc%11c(C)cc%12cc(c(cc%12c%11cc%10n(C(CCCCCCCCCCCC)CCCCCCCCCCCC)c9cc87)C=C4C)3)cc6c5cc21,CCCCCCCCCCCCC(CCCCCCCCCCCC)n1c2cc3c4cc2c2cc5c(C)cc6cc7c(cc(C)c8cc9c%10cc%11c(C)cc%12cc(c(cc%12c%11cc%10n(C(CCCCCCCCCCCC)CCCCCCCCCCCC)c9cc87)C=C4C)3)cc6c5cc21
44,DPP-2T,CCCCCCCCCCCCC(CCCCCCCCCC)Cn6c(c1ccc(*)s1)c5c(=O)n(CC(CCCCCCCCCC)CCCCCCCCCCCC)c(c4ccc(c3ccc(c2ccc(*)s2)s3)s4)c5c6=O,CCCCCCCCCCCCC(CCCCCCCCCC)CN1C(=O)C2=C(c3ccc(-c4ccc(-c5ccc(c6ccc(C7=C8C(=O)N(CC(CCCCCCCCCC)CCCCCCCCCCCC)C(c9ccc(-c%10ccc(-c%11ccc(*)s%11)s%10)s9)=C8C(=O)N7CC(CCCCCCCCCC)CCCCCCCCCCCC)s6)s5)s4)s3)N(CC(CCCCCCCCCC)CCCCCCCCCCCC)C(=O)C2=C1c1ccc(*)s1,CCCCCCCCCCCCC(CCCCCCCCCC)CN1C(=O)C2=C(c3ccc(-c4ccc(-c5ccc(c6ccc(C7=C8C(=O)N(CC(CCCCCCCCCC)CCCCCCCCCCCC)C(c9ccc(-c%10ccc(-c%11ccc(*)s%11)s%10)s9)=C8C(=O)N7CC(CCCCCCCCCC)CCCCCCCCCCCC)s6)s5)s4)s3)N(CC(CCCCCCCCCC)CCCCCCCCCCCC)C(=O)C2=C1c1ccc(*)s1,CCCCCCCCCCCCC(CCCCCCCCCC)CN1C(=O)C2=C3c4ccc(s4)-c4ccc(s4)-c4cc:C(:s4)C4:ccc(s:4)C1=C2C(=O)N3CC(CCCCCCCCCC)CCCCCCCCCCCC,CCCCCCCCCCCCC(CCCCCCCCCC)CN1C(=O)C2=C3c4ccc(s4)-c4ccc(s4)-c4ccc(s4)-c4ccc(s4)C4=C5C(=O)N(CC(CCCCCCCCCC)CCCCCCCCCCCC)C(=C5C(=O)N4CC(CCCCCCCCCC)CCCCCCCCCCCC)c4cc:C(:s4)C4:ccc(s:4)-c4ccc(s4)-c4ccc(s4)C1=C2C(=O)N3CC(CCCCCCCCCC)CCCCCCCCCCCC,CCCCCCCCCCCCC(CCCCCCCCCC)CN1C(=O)C2=C3c4ccc(s4)-c4ccc(s4)-c4ccc(s4)-c4ccc(s4)C4=C5C(=O)N(CC(CCCCCCCCCC)CCCCCCCCCCCC)C(=C5C(=O)N4CC(CCCCCCCCCC)CCCCCCCCCCCC)c4cc:C(:s4)C4:ccc(s:4)-c4ccc(s4)-c4ccc(s4)C1=C2C(=O)N3CC(CCCCCCCCCC)CCCCCCCCCCCC
45,PCDTPT-ODD,*c1cc5c(s1)c4sc(c2cnc(*)c3nsnc23)cc4C5(CC(CCCCCCCC)CCCCCCCCCC)CC(CCCCCCCC)CCCCCCCCCC,CCCCCCCCCCC(CCCCCCCC)CC1(CC(CCCCCCCC)CCCCCCCCCC)c2cc(c3ncc(-c4cc5c(s4)-c4sc(*)cc4C5(CC(CCCCCCCC)CCCCCCCCCC)CC(CCCCCCCC)CCCCCCCCCC)c4nsnc34)sc2-c2sc(-c3cnc(*)c4nsnc34)cc21,CCCCCCCCCCC(CCCCCCCC)CC1(CC(CCCCCCCC)CCCCCCCCCC)c2cc(c3ncc(-c4cc5c(s4)-c4sc(*)cc4C5(CC(CCCCCCCC)CCCCCCCCCC)CC(CCCCCCCC)CCCCCCCCCC)c4nsnc34)sc2-c2sc(-c3cnc(*)c4nsnc34)cc21,CCCCCCCCCCC(CCCCCCCC)CC1(CC(CCCCCCCC)CCCCCCCCCC)c2cc3sc2-c2s:C(:cc21)C1:ncc-3c2nsnc:12,CCCCCCCCCCC(CCCCCCCC)CC1(CC(CCCCCCCC)CCCCCCCCCC)c2cc3sc2-c2sc(cc21)-c1ncc(c2nsnc12)-c1cc2c(s1)-c1s:C(:cc1C2(CC(CCCCCCCC)CCCCCCCCCC)CC(CCCCCCCC)CCCCCCCCCC)C1:ncc-3c2nsnc:12,CCCCCCCCCCC(CCCCCCCC)CC1(CC(CCCCCCCC)CCCCCCCCCC)c2cc3sc2-c2sc(cc21)-c1ncc(c2nsnc12)-c1cc2c(s1)-c1s:C(:cc1C2(CC(CCCCCCCC)CCCCCCCCCC)CC(CCCCCCCC)CCCCCCCCCC)C1:ncc-3c2nsnc:12
46,P2,*c7ccc(c6c5c(=O)n(CC(CCCCCCCCCC)CCCCCCCCCCCC)c(c4ccc(c3cc(NC(=O)CCCCC)c(c2ccc(c1sc(*)cc1NC(=O)CCCCC)cc2)s3)s4)c5c(=O)n6CC(CCCCCCCCCC)CCCCCCCCCCCC)s7,CCCCCCCCCCCCC(CCCCCCCCCC)CN1C(=O)C2=C(c3ccc(-c4cc(NC(=O)CCCCC)c(-c5ccc(-c6sc(c7ccc(C8=C9C(=O)N(CC(CCCCCCCCCC)CCCCCCCCCCCC)C(c%10ccc(-c%11cc(NC(=O)CCCCC)c(-c%12ccc(-c%13sc(*)cc%13NC(=O)CCCCC)cc%12)s%11)s%10)=C9C(=O)N8CC(CCCCCCCCCC)CCCCCCCCCCCC)s7)cc6NC(=O)CCCCC)cc5)s4)s3)N(CC(CCCCCCCCCC)CCCCCCCCCCCC)C(=O)C2=C1c1ccc(*)s1,CCCCCCCCCCCCC(CCCCCCCCCC)CN1C(=O)C2=C(c3ccc(-c4cc(NC(=O)CCCCC)c(-c5ccc(-c6sc(c7ccc(C8=C9C(=O)N(CC(CCCCCCCCCC)CCCCCCCCCCCC)C(c%10ccc(-c%11cc(NC(=O)CCCCC)c(-c%12ccc(-c%13sc(*)cc%13NC(=O)CCCCC)cc%12)s%11)s%10)=C9C(=O)N8CC(CCCCCCCCCC)CCCCCCCCCCCC)s7)cc6NC(=O)CCCCC)cc5)s4)s3)N(CC(CCCCCCCCCC)CCCCCCCCCCCC)C(=O)C2=C1c1ccc(*)s1,CCCCCCCCCCCCC(CCCCCCCCCC)CN1C(=O)C2=C3c4cc:C(:s4)C4:cc(NC(=O)CCCCC)c(s:4)-c4ccc(cc4)-c4sc(cc4NC(=O)CCCCC)-c4ccc(s4)C1=C2C(=O)N3CC(CCCCCCCCCC)CCCCCCCCCCCC,CCCCCCCCCCCCC(CCCCCCCCCC)CN1C(=O)C2=C3c4ccc(s4)-c4cc(NC(=O)CCCCC)c(s4)-c4ccc(cc4)-c4sc(cc4NC(=O)CCCCC)-c4ccc(s4)C4=C5C(=O)N(CC(CCCCCCCCCC)CCCCCCCCCCCC)C(=C5C(=O)N4CC(CCCCCCCCCC)CCCCCCCCCCCC)c4cc:C(:s4)C4:cc(NC(=O)CCCCC)c(s:4)-c4ccc(cc4)-c4sc(cc4NC(=O)CCCCC)-c4ccc(s4)C1=C2C(=O)N3CC(CCCCCCCCCC)CCCCCCCCCCCC,CCCCCCCCCCCCC(CCCCCCCCCC)CN1C(=O)C2=C3c4ccc(s4)-c4cc(NC(=O)CCCCC)c(s4)-c4ccc(cc4)-c4sc(cc4NC(=O)CCCCC)-c4ccc(s4)C4=C5C(=O)N(CC(CCCCCCCCCC)CCCCCCCCCCCC)C(=C5C(=O)N4CC(CCCCCCCCCC)CCCCCCCCCCCC)c4cc:C(:s4)C4:cc(NC(=O)CCCCC)c(s:4)-c4ccc(cc4)-c4sc(cc4NC(=O)CCCCC)-c4ccc(s4)C1=C2C(=O)N3CC(CCCCCCCCCC)CCCCCCCCCCCC
47,PCDTPT,*c1cc%10c(s1)c9sc(c7cnc(c2cc6c(s2)c5sc(c3ncc(*)c4nsnc34)cc5C6(CCCCCCCCCCCCCCCC)CCCCCCCCCCCCCCCC)c8nsnc78)cc9C%10(CCCCCCCCCCCCCCCC)CCCCCCCCCCCCCCCC,CCCCCCCCCCCCCCCCC1(CCCCCCCCCCCCCCCC)c2cc(*)sc2-c2sc(-c3cnc(-c4cc5c(s4)-c4sc(-c6ncc(c7cc8c(s7)-c7sc(-c9cnc(-c%10cc%11c(s%10)-c%10sc(-c%12ncc(*)c%13nsnc%12%13)cc%10C%11(CCCCCCCCCCCCCCCC)CCCCCCCCCCCCCCCC)c%10nsnc9%10)cc7C8(CCCCCCCCCCCCCCCC)CCCCCCCCCCCCCCCC)c7nsnc67)cc4C5(CCCCCCCCCCCCCCCC)CCCCCCCCCCCCCCCC)c4nsnc34)cc21,CCCCCCCCCCCCCCCCC1(CCCCCCCCCCCCCCCC)c2cc(*)sc2-c2sc(-c3cnc(-c4cc5c(s4)-c4sc(-c6ncc(c7cc8c(s7)-c7sc(-c9cnc(-c%10cc%11c(s%10)-c%10sc(-c%12ncc(*)c%13nsnc%12%13)cc%10C%11(CCCCCCCCCCCCCCCC)CCCCCCCCCCCCCCCC)c%10nsnc9%10)cc7C8(CCCCCCCCCCCCCCCC)CCCCCCCCCCCCCCCC)c7nsnc67)cc4C5(CCCCCCCCCCCCCCCC)CCCCCCCCCCCCCCCC)c4nsnc34)cc21,CCCCCCCCCCCCCCCCC1(CCCCCCCCCCCCCCCC)c2c:C3:sc2-c2sc(cc21)-c1cnc(c2nsnc12)-c1cc2c(s1)-c1sc(cc1C2(CCCCCCCCCCCCCCCC)CCCCCCCCCCCCCCCC)-c1nc:C3:c2nsnc12,CCCCCCCCCCCCCCCCC1(CCCCCCCCCCCCCCCC)c2c:C3:sc2-c2sc(cc21)-c1cnc(c2nsnc12)-c1cc2c(s1)-c1sc(cc1C2(CCCCCCCCCCCCCCCC)CCCCCCCCCCCCCCCC)-c1ncc(c2nsnc12)-c1cc2c(s1)-c1sc(cc1C2(CCCCCCCCCCCCCCCC)CCCCCCCCCCCCCCCC)-c1cnc(c2nsnc12)-c1cc2c(s1)-c1sc(cc1C2(CCCCCCCCCCCCCCCC)CCCCCCCCCCCCCCCC)-c1nc:C3:c2nsnc12,CCCCCCCCCCCCCCCCC1(CCCCCCCCCCCCCCCC)c2c:C3:sc2-c2sc(cc21)-c1cnc(c2nsnc12)-c1cc2c(s1)-c1sc(cc1C2(CCCCCCCCCCCCCCCC)CCCCCCCCCCCCCCCC)-c1ncc(c2nsnc12)-c1cc2c(s1)-c1sc(cc1C2(CCCCCCCCCCCCCCCC)CCCCCCCCCCCCCCCC)-c1cnc(c2nsnc12)-c1cc2c(s1)-c1sc(cc1C2(CCCCCCCCCCCCCCCC)CCCCCCCCCCCCCCCC)-c1nc:C3:c2nsnc12
48,NDI-T-2HD,*c5ccc(c1cc3c(=O)n(CC(CCCCCC)CCCCCCCC)c(=O)c4c(*)cc2c(=O)n(CC(CCCCCC)CCCCCCCC)c(=O)c1c2c34)s5,CCCCCCCCC(CCCCCC)CN1C(=O)c2cc(-c3ccc(c4cc5c6c(c(-c7ccc(*)s7)cc7c6c4C(=O)N(CC(CCCCCC)CCCCCCCC)C7=O)C(=O)N(CC(CCCCCC)CCCCCCCC)C5=O)s3)c3c4c(cc(*)c(c24)C1=O)C(=O)N(CC(CCCCCC)CCCCCCCC)C3=O,CCCCCCCCC(CCCCCC)CN1C(=O)c2cc(-c3ccc(c4cc5c6c(c(-c7ccc(*)s7)cc7c6c4C(=O)N(CC(CCCCCC)CCCCCCCC)C7=O)C(=O)N(CC(CCCCCC)CCCCCCCC)C5=O)s3)c3c4c(cc(*)c(c24)C1=O)C(=O)N(CC(CCCCCC)CCCCCCCC)C3=O,CCCCCCCCC(CCCCCC)CN1C(=O)c2cc3c4c5c(c:C(:c(c25)C1=O)C1:ccc-3s:1)C(=O)N(CC(CCCCCC)CCCCCCCC)C4=O,CCCCCCCCC(CCCCCC)CN1C(=O)c2cc3c4c5c(cc(c(c25)C1=O)-c1cc:C(:s1)C1:cc2c5c(c(cc6c5c:1C(=O)N(CC(CCCCCC)CCCCCCCC)C6=O)-c1ccc-3s1)C(=O)N(CC(CCCCCC)CCCCCCCC)C2=O)C(=O)N(CC(CCCCCC)CCCCCCCC)C4=O,CCCCCCCCC(CCCCCC)CN1C(=O)c2cc3c4c5c(cc(c(c25)C1=O)-c1cc:C(:s1)C1:cc2c5c(c(cc6c5c:1C(=O)N(CC(CCCCCC)CCCCCCCC)C6=O)-c1ccc-3s1)C(=O)N(CC(CCCCCC)CCCCCCCC)C2=O)C(=O)N(CC(CCCCCC)CCCCCCCC)C4=O
49,PBDT-TTz,*C9=CC8=C(c1cc(CCCCCC)c(CCCCCC)s1)C6SC(c5sc(c4nc3sc(c2cc(CCCCCCCC)c(*)s2)nc3s4)cc5CCCCCCCC)=CC6=C(c7cc(CCCCCC)c(CCCCCC)s7)C8S9,CCCCCCCCc1cc(-c2nc3sc(-c4cc(CCCCCCCC)c(C5=CC6=C(c7cc(CCCCCC)c(CCCCCC)s7)C7SC(c8sc(-c9nc%10sc(-c%11cc(CCCCCCCC)c(C%12=CC%13=C(c%14cc(CCCCCC)c(CCCCCC)s%14)C%14SC(*)=CC%14=C(c%14cc(CCCCCC)c(CCCCCC)s%14)C%13S%12)s%11)nc%10s9)cc8CCCCCCCC)=CC7=C(c7cc(CCCCCC)c(CCCCCC)s7)C6S5)s4)nc3s2)sc1*,CCCCCCCCc1cc(-c2nc3sc(-c4cc(CCCCCCCC)c(C5=CC6=C(c7cc(CCCCCC)c(CCCCCC)s7)C7SC(c8sc(-c9nc%10sc(-c%11cc(CCCCCCCC)c(C%12=CC%13=C(c%14cc(CCCCCC)c(CCCCCC)s%14)C%14SC(*)=CC%14=C(c%14cc(CCCCCC)c(CCCCCC)s%14)C%13S%12)s%11)nc%10s9)cc8CCCCCCCC)=CC7=C(c7cc(CCCCCC)c(CCCCCC)s7)C6S5)s4)nc3s2)sc1*,CCCCCCCCc1cc2s:C:1C1=CC3=C(c4cc(CCCCCC)c(CCCCCC)s4)C4SC(=CC4=C(c4cc(CCCCCC)c(CCCCCC)s4)C3S1)c1sc(cc1CCCCCCCC)-c1nc3sc-2nc3s1,CCCCCCCCc1cc2s:C:1C1=CC3=C(c4cc(CCCCCC)c(CCCCCC)s4)C4SC(=CC4=C(c4cc(CCCCCC)c(CCCCCC)s4)C3S1)c1sc(cc1CCCCCCCC)-c1nc3sc(nc3s1)-c1cc(CCCCCCCC)c(s1)C1=CC3=C(c4cc(CCCCCC)c(CCCCCC)s4)C4SC(=CC4=C(c4cc(CCCCCC)c(CCCCCC)s4)C3S1)c1sc(cc1CCCCCCCC)-c1nc3sc-2nc3s1,CCCCCCCCc1cc2s:C:1C1=CC3=C(c4cc(CCCCCC)c(CCCCCC)s4)C4SC(=CC4=C(c4cc(CCCCCC)c(CCCCCC)s4)C3S1)c1sc(cc1CCCCCCCC)-c1nc3sc(nc3s1)-c1cc(CCCCCCCC)c(s1)C1=CC3=C(c4cc(CCCCCC)c(CCCCCC)s4)C4SC(=CC4=C(c4cc(CCCCCC)c(CCCCCC)s4)C3S1)c1sc(cc1CCCCCCCC)-c1nc3sc-2nc3s1
50,P3BT,*c1cc(CCCC)c(*)s1,CCCCc1cc(c2sc(*)cc2CCCC)sc1*,CCCCc1cc(c2sc(*)cc2CCCC)sc1*,CCCCc1c:C2:s:C:12,CCCCc1cc2s:C:1C1:cc(CCCC)c-2s:1,CCCCc1cc2s:C:1C1:cc(CCCC)c-2s:1
51,F8BT,*c5ccc4c3ccc(c1ccc(*)c2nsnc12)cc3C(CCCCCCCC)(CCCCCCCC)c4c5,CCCCCCCCC1(CCCCCCCC)c2cc(c3ccc(-c4ccc5c(c4)C(CCCCCCCC)(CCCCCCCC)c4cc(*)ccc4-5)c4nsnc34)ccc2-c2ccc(-c3ccc(*)c4nsnc34)cc21,CCCCCCCCC1(CCCCCCCC)c2cc(c3ccc(-c4ccc5c(c4)C(CCCCCCCC)(CCCCCCCC)c4cc(*)ccc4-5)c4nsnc34)ccc2-c2ccc(-c3ccc(*)c4nsnc34)cc21,CCCCCCCCC1(CCCCCCCC)c2c:C3:ccc2-c2ccc(cc21)-c1cc:C3:c2nsnc12,CCCCCCCCC1(CCCCCCCC)c2cc3ccc2-c2ccc(cc21)-c1cc:C(:c2nsnc12)C1:ccc2c(c:1)C(CCCCCCCC)(CCCCCCCC)c1cc(ccc1-2)-c1ccc-3c2nsnc12,CCCCCCCCC1(CCCCCCCC)c2cc3ccc2-c2ccc(cc21)-c1cc:C(:c2nsnc12)C1:ccc2c(c:1)C(CCCCCCCC)(CCCCCCCC)c1cc(ccc1-2)-c1ccc-3c2nsnc12
52,PDPP-TVT,*c6ccc(/C=C/c5ccc(c4ccc(c3c2c(=O)n(CC(CCCCCCCC)CCCCCCCCCC)c(c1ccc(*)s1)c2c(=O)n3CC(CCCCCCCC)CCCCCCCCCC)s4)s5)s6,CCCCCCCCCCC(CCCCCCCC)CN1C(=O)C2=C(c3ccc(-c4ccc(/C=C/c5ccc(c6ccc(C7=C8C(=O)N(CC(CCCCCCCC)CCCCCCCCCC)C(c9ccc(-c%10ccc(/C=C/c%11ccc(*)s%11)s%10)s9)=C8C(=O)N7CC(CCCCCCCC)CCCCCCCCCC)s6)s5)s4)s3)N(CC(CCCCCCCC)CCCCCCCCCC)C(=O)C2=C1c1ccc(*)s1,CCCCCCCCCCC(CCCCCCCC)CN1C(=O)C2=C(c3ccc(-c4ccc(/C=C/c5ccc(c6ccc(C7=C8C(=O)N(CC(CCCCCCCC)CCCCCCCCCC)C(c9ccc(-c%10ccc(/C=C/c%11ccc(*)s%11)s%10)s9)=C8C(=O)N7CC(CCCCCCCC)CCCCCCCCCC)s6)s5)s4)s3)N(CC(CCCCCCCC)CCCCCCCCCC)C(=O)C2=C1c1ccc(*)s1,CCCCCCCCCCC(CCCCCCCC)CN1C(=O)C2=C3c4ccc(s4)-c4ccc(s4)/C=C/c4cc:C(:s4)C4:ccc(s:4)C1=C2C(=O)N3CC(CCCCCCCC)CCCCCCCCCC,CCCCCCCCCCC(CCCCCCCC)CN1C(=O)C2=C3c4ccc(s4)-c4ccc(s4)/C=C/c4ccc(s4)-c4ccc(s4)C4=C5C(=O)N(CC(CCCCCCCC)CCCCCCCCCC)C(=C5C(=O)N4CC(CCCCCCCC)CCCCCCCCCC)c4cc:C(:s4)C4:ccc(s:4)/C=C/c4ccc(s4)-c4ccc(s4)C1=C2C(=O)N3CC(CCCCCCCC)CCCCCCCCCC,CCCCCCCCCCC(CCCCCCCC)CN1C(=O)C2=C3c4ccc(s4)-c4ccc(s4)/C=C/c4ccc(s4)-c4ccc(s4)C4=C5C(=O)N(CC(CCCCCCCC)CCCCCCCCCC)C(=C5C(=O)N4CC(CCCCCCCC)CCCCCCCCCC)c4cc:C(:s4)C4:ccc(s:4)/C=C/c4ccc(s4)-c4ccc(s4)C1=C2C(=O)N3CC(CCCCCCCC)CCCCCCCCCC
53,QZ1,CCCCCCCCCCOc2cc(C#Cc1cc(C(=O)N(CCCCCCCC)CCCCCCCC)c(*)cc1C(=O)N(CCCCCCCC)CCCCCCCC)c(OCCCCCCCCCC)cc2C#C*,CCCCCCCCCCOc1cc(C#Cc2cc(C(=O)N(CCCCCCCC)CCCCCCCC)c(C#Cc3cc(OCCCCCCCCCC)c(C#Cc4cc(C(=O)N(CCCCCCCC)CCCCCCCC)c(*)cc4C(=O)N(CCCCCCCC)CCCCCCCC)cc3OCCCCCCCCCC)cc2C(=O)N(CCCCCCCC)CCCCCCCC)c(OCCCCCCCCCC)cc1C#C*,CCCCCCCCCCOc1cc(C#Cc2cc(C(=O)N(CCCCCCCC)CCCCCCCC)c(C#Cc3cc(OCCCCCCCCCC)c(C#Cc4cc(C(=O)N(CCCCCCCC)CCCCCCCC)c(*)cc4C(=O)N(CCCCCCCC)CCCCCCCC)cc3OCCCCCCCCCC)cc2C(=O)N(CCCCCCCC)CCCCCCCC)c(OCCCCCCCCCC)cc1C#C*,CCCCCCCCCCOc1cc2c(OCCCCCCCCCC)cc1C#CC1:cc(C(=O)N(CCCCCCCC)CCCCCCCC)c(cc:1C(=O)N(CCCCCCCC)CCCCCCCC)C#C2,CCCCCCCCCCOc1cc2c(OCCCCCCCCCC)cc1C#Cc1cc(C(=O)N(CCCCCCCC)CCCCCCCC):C(:cc1C(=O)N(CCCCCCCC)CCCCCCCC)C#Cc1cc(OCCCCCCCCCC)c(cc1OCCCCCCCCCC)C#Cc1cc(C(=O)N(CCCCCCCC)CCCCCCCC)c(cc1C(=O)N(CCCCCCCC)CCCCCCCC)C#C2,CCCCCCCCCCOc1cc2c(OCCCCCCCCCC)cc1C#Cc1cc(C(=O)N(CCCCCCCC)CCCCCCCC):C(:cc1C(=O)N(CCCCCCCC)CCCCCCCC)C#Cc1cc(OCCCCCCCCCC)c(cc1OCCCCCCCCCC)C#Cc1cc(C(=O)N(CCCCCCCC)CCCCCCCC)c(cc1C(=O)N(CCCCCCCC)CCCCCCCC)C#C2
54,pBTTT12,*c4cc(CCCCCCCCCCCC)c(c3cc2sc(c1sc(*)cc1CCCCCCCCCCCC)cc2s3)s4,CCCCCCCCCCCCc1cc(*)sc1-c1cc2sc(-c3sc(c4cc(CCCCCCCCCCCC)c(-c5cc6sc(-c7sc(*)cc7CCCCCCCCCCCC)cc6s5)s4)cc3CCCCCCCCCCCC)cc2s1,CCCCCCCCCCCCc1cc(*)sc1-c1cc2sc(-c3sc(c4cc(CCCCCCCCCCCC)c(-c5cc6sc(-c7sc(*)cc7CCCCCCCCCCCC)cc6s5)s4)cc3CCCCCCCCCCCC)cc2s1,CCCCCCCCCCCCc1c:C2:sc1-c1cc3sc(cc3s1)-c1s:C2:cc1CCCCCCCCCCCC,CCCCCCCCCCCCc1c:C2:sc1-c1cc3sc(cc3s1)-c1sc(cc1CCCCCCCCCCCC)-c1cc(CCCCCCCCCCCC)c(s1)-c1cc3sc(cc3s1)-c1s:C2:cc1CCCCCCCCCCCC,CCCCCCCCCCCCc1c:C2:sc1-c1cc3sc(cc3s1)-c1sc(cc1CCCCCCCCCCCC)-c1cc(CCCCCCCCCCCC)c(s1)-c1cc3sc(cc3s1)-c1s:C2:cc1CCCCCCCCCCCC
55,NDI-C3,CCCCCCCCCCC(CCCCCCCC)Cn3c(=O)c4cc(c2ccc(CCCc1csc(*)c1)s2)c6c(=O)n(CC(CCCCCCCC)CCCCCCCCCC)c(=O)c5cc(*)c(c3=O)c4c56,CCCCCCCCCCC(CCCCCCCC)CN1C(=O)c2cc(-c3ccc(CCCc4csc(c5cc6c7c(c(-c8ccc(CCCc9csc(*)c9)s8)cc8c7c5C(=O)N(CC(CCCCCCCC)CCCCCCCCCC)C8=O)C(=O)N(CC(CCCCCCCC)CCCCCCCCCC)C6=O)c4)s3)c3c4c(cc(*)c(c24)C1=O)C(=O)N(CC(CCCCCCCC)CCCCCCCCCC)C3=O,CCCCCCCCCCC(CCCCCCCC)CN1C(=O)c2cc(-c3ccc(CCCc4csc(c5cc6c7c(c(-c8ccc(CCCc9csc(*)c9)s8)cc8c7c5C(=O)N(CC(CCCCCCCC)CCCCCCCCCC)C8=O)C(=O)N(CC(CCCCCCCC)CCCCCCCCCC)C6=O)c4)s3)c3c4c(cc(*)c(c24)C1=O)C(=O)N(CC(CCCCCCCC)CCCCCCCCCC)C3=O,CCCCCCCCCCC(CCCCCCCC)CN1C(=O)c2cc3c4c5c(c:C(:c(c25)C1=O)C1:cc(cs:1)CCCc1ccc-3s1)C(=O)N(CC(CCCCCCCC)CCCCCCCCCC)C4=O,CCCCCCCCCCC(CCCCCCCC)CN1C(=O)c2cc3c4c5c(c:C(:c(c25)C1=O)C1:cc(cs:1)CCCc1ccc(s1)-c1cc2c5c(c(cc6c5c1C(=O)N(CC(CCCCCCCC)CCCCCCCCCC)C6=O)-c1cc(cs1)CCCc1ccc-3s1)C(=O)N(CC(CCCCCCCC)CCCCCCCCCC)C2=O)C(=O)N(CC(CCCCCCCC)CCCCCCCCCC)C4=O,CCCCCCCCCCC(CCCCCCCC)CN1C(=O)c2cc3c4c5c(c:C(:c(c25)C1=O)C1:cc(cs:1)CCCc1ccc(s1)-c1cc2c5c(c(cc6c5c1C(=O)N(CC(CCCCCCCC)CCCCCCCCCC)C6=O)-c1cc(cs1)CCCc1ccc-3s1)C(=O)N(CC(CCCCCCCC)CCCCCCCCCC)C2=O)C(=O)N(CC(CCCCCCCC)CCCCCCCCCC)C4=O
56,NDI-C4,CCCCCCCCCCC(CCCCCCCC)Cn3c(=O)c4cc(c2ccc(CCCCc1csc(*)c1)s2)c6c(=O)n(CC(CCCCCCCC)CCCCCCCCCC)c(=O)c5cc(*)c(c3=O)c4c56,CCCCCCCCCCC(CCCCCCCC)CN1C(=O)c2cc(-c3ccc(CCCCc4csc(c5cc6c7c(c(-c8ccc(CCCCc9csc(*)c9)s8)cc8c7c5C(=O)N(CC(CCCCCCCC)CCCCCCCCCC)C8=O)C(=O)N(CC(CCCCCCCC)CCCCCCCCCC)C6=O)c4)s3)c3c4c(cc(*)c(c24)C1=O)C(=O)N(CC(CCCCCCCC)CCCCCCCCCC)C3=O,CCCCCCCCCCC(CCCCCCCC)CN1C(=O)c2cc(-c3ccc(CCCCc4csc(c5cc6c7c(c(-c8ccc(CCCCc9csc(*)c9)s8)cc8c7c5C(=O)N(CC(CCCCCCCC)CCCCCCCCCC)C8=O)C(=O)N(CC(CCCCCCCC)CCCCCCCCCC)C6=O)c4)s3)c3c4c(cc(*)c(c24)C1=O)C(=O)N(CC(CCCCCCCC)CCCCCCCCCC)C3=O,CCCCCCCCCCC(CCCCCCCC)CN1C(=O)c2cc3c4c5c(c:C(:c(c25)C1=O)C1:cc(cs:1)CCCCc1ccc-3s1)C(=O)N(CC(CCCCCCCC)CCCCCCCCCC)C4=O,CCCCCCCCCCC(CCCCCCCC)CN1C(=O)c2cc3c4c5c(c:C(:c(c25)C1=O)C1:cc(cs:1)CCCCc1ccc(s1)-c1cc2c5c(c(cc6c5c1C(=O)N(CC(CCCCCCCC)CCCCCCCCCC)C6=O)-c1cc(cs1)CCCCc1ccc-3s1)C(=O)N(CC(CCCCCCCC)CCCCCCCCCC)C2=O)C(=O)N(CC(CCCCCCCC)CCCCCCCCCC)C4=O,CCCCCCCCCCC(CCCCCCCC)CN1C(=O)c2cc3c4c5c(c:C(:c(c25)C1=O)C1:cc(cs:1)CCCCc1ccc(s1)-c1cc2c5c(c(cc6c5c1C(=O)N(CC(CCCCCCCC)CCCCCCCCCC)C6=O)-c1cc(cs1)CCCCc1ccc-3s1)C(=O)N(CC(CCCCCCCC)CCCCCCCCCC)C2=O)C(=O)N(CC(CCCCCCCC)CCCCCCCCCC)C4=O
57,NDI-C5,CCCCCCCCCCC(CCCCCCCC)Cn3c(=O)c4cc(c2ccc(CCCCCc1csc(*)c1)s2)c6c(=O)n(CC(CCCCCCCC)CCCCCCCCCC)c(=O)c5cc(*)c(c3=O)c4c56,CCCCCCCCCCC(CCCCCCCC)CN1C(=O)c2cc(-c3ccc(CCCCCc4csc(c5cc6c7c(c(-c8ccc(CCCCCc9csc(*)c9)s8)cc8c7c5C(=O)N(CC(CCCCCCCC)CCCCCCCCCC)C8=O)C(=O)N(CC(CCCCCCCC)CCCCCCCCCC)C6=O)c4)s3)c3c4c(cc(*)c(c24)C1=O)C(=O)N(CC(CCCCCCCC)CCCCCCCCCC)C3=O,CCCCCCCCCCC(CCCCCCCC)CN1C(=O)c2cc(-c3ccc(CCCCCc4csc(c5cc6c7c(c(-c8ccc(CCCCCc9csc(*)c9)s8)cc8c7c5C(=O)N(CC(CCCCCCCC)CCCCCCCCCC)C8=O)C(=O)N(CC(CCCCCCCC)CCCCCCCCCC)C6=O)c4)s3)c3c4c(cc(*)c(c24)C1=O)C(=O)N(CC(CCCCCCCC)CCCCCCCCCC)C3=O,CCCCCCCCCCC(CCCCCCCC)CN1C(=O)c2cc3c4c5c(c:C(:c(c25)C1=O)C1:cc(cs:1)CCCCCc1ccc-3s1)C(=O)N(CC(CCCCCCCC)CCCCCCCCCC)C4=O,CCCCCCCCCCC(CCCCCCCC)CN1C(=O)c2cc3c4c5c(c:C(:c(c25)C1=O)C1:cc(cs:1)CCCCCc1ccc(s1)-c1cc2c5c(c(cc6c5c1C(=O)N(CC(CCCCCCCC)CCCCCCCCCC)C6=O)-c1cc(cs1)CCCCCc1ccc-3s1)C(=O)N(CC(CCCCCCCC)CCCCCCCCCC)C2=O)C(=O)N(CC(CCCCCCCC)CCCCCCCCCC)C4=O,CCCCCCCCCCC(CCCCCCCC)CN1C(=O)c2cc3c4c5c(c:C(:c(c25)C1=O)C1:cc(cs:1)CCCCCc1ccc(s1)-c1cc2c5c(c(cc6c5c1C(=O)N(CC(CCCCCCCC)CCCCCCCCCC)C6=O)-c1cc(cs1)CCCCCc1ccc-3s1)C(=O)N(CC(CCCCCCCC)CCCCCCCCCC)C2=O)C(=O)N(CC(CCCCCCCC)CCCCCCCCCC)C4=O
58,NDI-C6,CCCCCCCCCCC(CCCCCCCC)Cn3c(=O)c4cc(c2ccc(CCCCCCc1csc(*)c1)s2)c6c(=O)n(CC(CCCCCCCC)CCCCCCCCCC)c(=O)c5cc(*)c(c3=O)c4c56,CCCCCCCCCCC(CCCCCCCC)CN1C(=O)c2cc(-c3ccc(CCCCCCc4csc(c5cc6c7c(c(-c8ccc(CCCCCCc9csc(*)c9)s8)cc8c7c5C(=O)N(CC(CCCCCCCC)CCCCCCCCCC)C8=O)C(=O)N(CC(CCCCCCCC)CCCCCCCCCC)C6=O)c4)s3)c3c4c(cc(*)c(c24)C1=O)C(=O)N(CC(CCCCCCCC)CCCCCCCCCC)C3=O,CCCCCCCCCCC(CCCCCCCC)CN1C(=O)c2cc(-c3ccc(CCCCCCc4csc(c5cc6c7c(c(-c8ccc(CCCCCCc9csc(*)c9)s8)cc8c7c5C(=O)N(CC(CCCCCCCC)CCCCCCCCCC)C8=O)C(=O)N(CC(CCCCCCCC)CCCCCCCCCC)C6=O)c4)s3)c3c4c(cc(*)c(c24)C1=O)C(=O)N(CC(CCCCCCCC)CCCCCCCCCC)C3=O,CCCCCCCCCCC(CCCCCCCC)CN1C(=O)c2cc3c4c5c(c:C(:c(c25)C1=O)C1:cc(cs:1)CCCCCCc1ccc-3s1)C(=O)N(CC(CCCCCCCC)CCCCCCCCCC)C4=O,CCCCCCCCCCC(CCCCCCCC)CN1C(=O)c2cc3c4c5c(c:C(:c(c25)C1=O)C1:cc(cs:1)CCCCCCc1ccc(s1)-c1cc2c5c(c(cc6c5c1C(=O)N(CC(CCCCCCCC)CCCCCCCCCC)C6=O)-c1cc(cs1)CCCCCCc1ccc-3s1)C(=O)N(CC(CCCCCCCC)CCCCCCCCCC)C2=O)C(=O)N(CC(CCCCCCCC)CCCCCCCCCC)C4=O,CCCCCCCCCCC(CCCCCCCC)CN1C(=O)c2cc3c4c5c(c:C(:c(c25)C1=O)C1:cc(cs:1)CCCCCCc1ccc(s1)-c1cc2c5c(c(cc6c5c1C(=O)N(CC(CCCCCCCC)CCCCCCCCCC)C6=O)-c1cc(cs1)CCCCCCc1ccc-3s1)C(=O)N(CC(CCCCCCCC)CCCCCCCCCC)C2=O)C(=O)N(CC(CCCCCCCC)CCCCCCCCCC)C4=O
59,P3OT,*c1cc(CCCCCCCC)c(*)s1,CCCCCCCCc1cc(c2sc(*)cc2CCCCCCCC)sc1*,CCCCCCCCc1cc(c2sc(*)cc2CCCCCCCC)sc1*,CCCCCCCCc1c:C2:s:C:12,CCCCCCCCc1cc2s:C:1C1:cc(CCCCCCCC)c-2s:1,CCCCCCCCc1cc2s:C:1C1:cc(CCCCCCCC)c-2s:1
60,P3(4MP)T,*c1cc(CCCC(C)C)c(*)s1,CC(C)CCCc1cc(c2sc(*)cc2CCCC(C)C)sc1*,CC(C)CCCc1cc(c2sc(*)cc2CCCC(C)C)sc1*,CC(C)CCCc1c:C2:s:C:12,CC(C)CCCc1cc2s:C:1C1:cc(CCCC(C)C)c-2s:1,CC(C)CCCc1cc2s:C:1C1:cc(CCCC(C)C)c-2s:1
61,PffBT4T-2DT,CCCCCCCCCCCCC(CCCCCCCCCC)c1cc(*)sc1c6ccc(c5ccc(c4sc(c2c(F)c(F)c(*)c3nsnc23)cc4CC(CCCCCCCCCC)CCCCCCCCCCC)s5)s6,CCCCCCCCCCCCC(CCCCCCCCCC)c1cc(*)sc1-c1ccc(-c2ccc(-c3sc(-c4c(F)c(F)c(c5cc(C(CCCCCCCCCC)CCCCCCCCCCCC)c(-c6ccc(-c7ccc(-c8sc(-c9c(F)c(F)c(*)c%10nsnc9%10)cc8CC(CCCCCCCCCC)CCCCCCCCCCC)s7)s6)s5)c5nsnc45)cc3CC(CCCCCCCCCC)CCCCCCCCCCC)s2)s1,CCCCCCCCCCCCC(CCCCCCCCCC)c1cc(*)sc1-c1ccc(-c2ccc(-c3sc(-c4c(F)c(F)c(c5cc(C(CCCCCCCCCC)CCCCCCCCCCCC)c(-c6ccc(-c7ccc(-c8sc(-c9c(F)c(F)c(*)c%10nsnc9%10)cc8CC(CCCCCCCCCC)CCCCCCCCCCC)s7)s6)s5)c5nsnc45)cc3CC(CCCCCCCCCC)CCCCCCCCCCC)s2)s1,CCCCCCCCCCCCC(CCCCCCCCCC)c1c:C2:sc1-c1ccc(s1)-c1ccc(s1)-c1sc(cc1CC(CCCCCCCCCC)CCCCCCCCCCC)-c1c(F)c(F):C2:c2nsnc12,CCCCCCCCCCCCC(CCCCCCCCCC)c1c:C2:sc1-c1ccc(s1)-c1ccc(s1)-c1sc(cc1CC(CCCCCCCCCC)CCCCCCCCCCC)-c1c(F)c(F)c(c3nsnc13)-c1cc(C(CCCCCCCCCC)CCCCCCCCCCCC)c(s1)-c1ccc(s1)-c1ccc(s1)-c1sc(cc1CC(CCCCCCCCCC)CCCCCCCCCCC)-c1c(F)c(F):C2:c2nsnc12,CCCCCCCCCCCCC(CCCCCCCCCC)c1c:C2:sc1-c1ccc(s1)-c1ccc(s1)-c1sc(cc1CC(CCCCCCCCCC)CCCCCCCCCCC)-c1c(F)c(F)c(c3nsnc13)-c1cc(C(CCCCCCCCCC)CCCCCCCCCCCC)c(s1)-c1ccc(s1)-c1ccc(s1)-c1sc(cc1CC(CCCCCCCCCC)CCCCCCCCCCC)-c1c(F)c(F):C2:c2nsnc12
62,PII-2T,CCCCCCCCCCC(CCCCCCCCCC)CCCn6c(=O)c(=c3c(=O)n(CCCC(CCCCCCCCCC)CCCCCCCCCC)c4cc(c2ccc(c1ccc(*)s1)s2)ccc34)c5ccc(*)cc56,CCCCCCCCCCC(CCCCCCCCCC)CCCN1C(=O)C(=C2C(=O)N(CCCC(CCCCCCCCCC)CCCCCCCCCC)c3cc(-c4ccc(-c5ccc(c6ccc7c(c6)N(CCCC(CCCCCCCCCC)CCCCCCCCCC)C(=O)C7=C6C(=O)N(CCCC(CCCCCCCCCC)CCCCCCCCCC)c7cc(-c8ccc(-c9ccc(*)s9)s8)ccc76)s5)s4)ccc32)c2ccc(*)cc21,CCCCCCCCCCC(CCCCCCCCCC)CCCN1C(=O)C(=C2C(=O)N(CCCC(CCCCCCCCCC)CCCCCCCCCC)c3cc(-c4ccc(-c5ccc(c6ccc7c(c6)N(CCCC(CCCCCCCCCC)CCCCCCCCCC)C(=O)C7=C6C(=O)N(CCCC(CCCCCCCCCC)CCCCCCCCCC)c7cc(-c8ccc(-c9ccc(*)s9)s8)ccc76)s5)s4)ccc32)c2ccc(*)cc21,CCCCCCCCCCC(CCCCCCCCCC)CCCN1C(=O)C2=C3C(=O)N(CCCC(CCCCCCCCCC)CCCCCCCCCC)c4cc(ccc43)-c3ccc(s3)-c3cc:C(:s3)C3:ccc2c1c:3,CCCCCCCCCCC(CCCCCCCCCC)CCCN1C(=O)C2=C3C(=O)N(CCCC(CCCCCCCCCC)CCCCCCCCCC)c4c:C(:ccc43)C3:ccc(s:3)-c3ccc(s3)-c3ccc4c(c3)N(CCCC(CCCCCCCCCC)CCCCCCCCCC)C(=O)C4=C3C(=O)N(CCCC(CCCCCCCCCC)CCCCCCCCCC)c4cc(ccc43)-c3ccc(s3)-c3ccc(s3)-c3ccc2c1c3,CCCCCCCCCCC(CCCCCCCCCC)CCCN1C(=O)C2=C3C(=O)N(CCCC(CCCCCCCCCC)CCCCCCCCCC)c4c:C(:ccc43)C3:ccc(s:3)-c3ccc(s3)-c3ccc4c(c3)N(CCCC(CCCCCCCCCC)CCCCCCCCCC)C(=O)C4=C3C(=O)N(CCCC(CCCCCCCCCC)CCCCCCCCCC)c4cc(ccc43)-c3ccc(s3)-c3ccc(s3)-c3ccc2c1c3
63,PFO,*c3ccc2c1ccc(*)cc1[C@](CCCCCCCC)(CCCCCCCC)c2c3,CCCCCCCCC1(CCCCCCCC)c2cc(*)ccc2-c2ccc(c3ccc4c(c3)C(CCCCCCCC)(CCCCCCCC)c3cc(*)ccc3-4)cc21,CCCCCCCCC1(CCCCCCCC)c2cc(*)ccc2-c2ccc(c3ccc4c(c3)C(CCCCCCCC)(CCCCCCCC)c3cc(*)ccc3-4)cc21,CCCCCCCCC1(CCCCCCCC)c2c:C3:ccc2-c2cc:C3:cc21,CCCCCCCCC1(CCCCCCCC)c2c:C3:ccc2-c2ccc(cc21)-c1ccc2c(c1)C(CCCCCCCC)(CCCCCCCC)c1c:C3:ccc1-2,CCCCCCCCC1(CCCCCCCC)c2c:C3:ccc2-c2ccc(cc21)-c1ccc2c(c1)C(CCCCCCCC)(CCCCCCCC)c1c:C3:ccc1-2
64,FPQ-Br,*c4ccc(c3ccc2c1ccc(*)cc1C(CCCCCC[N+](C)(C)C)(CCCCCC[N+](C)(C)C)c2c3)cc4.[Br-].[Br-],C[N+](C)(C)CCCCCCC1(CCCCCC[N+](C)(C)C)c2cc(*)ccc2-c2ccc(-c3ccc(c4ccc5c(c4)C(CCCCCC[N+](C)(C)C)(CCCCCC[N+](C)(C)C)c4cc(-c6ccc(*)cc6)ccc4-5)cc3)cc21.[Br-].[Br-].[Br-].[Br-],C[N+](C)(C)CCCCCCC1(CCCCCC[N+](C)(C)C)c2cc(*)ccc2-c2ccc(-c3ccc(c4ccc5c(c4)C(CCCCCC[N+](C)(C)C)(CCCCCC[N+](C)(C)C)c4cc(-c6ccc(*)cc6)ccc4-5)cc3)cc21.[Br-].[Br-].[Br-].[Br-],C[N+](C)(C)CCCCCCC1(CCCCCC[N+](C)(C)C)c2cc3ccc2-c2cc:C(:cc21)C1:ccc-3cc:1.[Br-].[Br-],C[N+](C)(C)CCCCCCC1(CCCCCC[N+](C)(C)C)c2c:C3:ccc2-c2ccc(cc21)-c1ccc(cc1)-c1ccc2c(c1)C(CCCCCC[N+](C)(C)C)(CCCCCC[N+](C)(C)C)c1cc(ccc1-2)-c1cc:C3:cc1.[Br-].[Br-].[Br-].[Br-],C[N+](C)(C)CCCCCCC1(CCCCCC[N+](C)(C)C)c2c:C3:ccc2-c2ccc(cc21)-c1ccc(cc1)-c1ccc2c(c1)C(CCCCCC[N+](C)(C)C)(CCCCCC[N+](C)(C)C)c1cc(ccc1-2)-c1cc:C3:cc1.[Br-].[Br-].[Br-].[Br-]
65,P(PzDPP-CT2),CCCCCCCCCCCCCCC(CCCCCCCCCCCCCC)CCCn6c(c1cnc(*)cn1)c5c(=O)n(CCCC(CCCCCCCCCCCCCC)CCCCCCCCCCCCCC)c(c4cnc(c3cc(C#N)c(c2cc(C#N)c(*)s2)s3)cn4)c5c6=O,CCCCCCCCCCCCCCC(CCCCCCCCCCCCCC)CCCN1C(=O)C2=C(c3cnc(-c4cc(C#N)c(-c5cc(C#N)c(c6cnc(C7=C8C(=O)N(CCCC(CCCCCCCCCCCCCC)CCCCCCCCCCCCCC)C(c9cnc(-c%10cc(C#N)c(-c%11cc(C#N)c(*)s%11)s%10)cn9)=C8C(=O)N7CCCC(CCCCCCCCCCCCCC)CCCCCCCCCCCCCC)cn6)s5)s4)cn3)N(CCCC(CCCCCCCCCCCCCC)CCCCCCCCCCCCCC)C(=O)C2=C1c1cnc(*)cn1,CCCCCCCCCCCCCCC(CCCCCCCCCCCCCC)CCCN1C(=O)C2=C(c3cnc(-c4cc(C#N)c(-c5cc(C#N)c(c6cnc(C7=C8C(=O)N(CCCC(CCCCCCCCCCCCCC)CCCCCCCCCCCCCC)C(c9cnc(-c%10cc(C#N)c(-c%11cc(C#N)c(*)s%11)s%10)cn9)=C8C(=O)N7CCCC(CCCCCCCCCCCCCC)CCCCCCCCCCCCCC)cn6)s5)s4)cn3)N(CCCC(CCCCCCCCCCCCCC)CCCCCCCCCCCCCC)C(=O)C2=C1c1cnc(*)cn1,CCCCCCCCCCCCCCC(CCCCCCCCCCCCCC)CCCN1C(=O)C2=C3c4cn:C(:cn4)C4:sc(cc:4C#N)-c4sc(cc4C#N)-c4cnc(cn4)C1=C2C(=O)N3CCCC(CCCCCCCCCCCCCC)CCCCCCCCCCCCCC,CCCCCCCCCCCCCCC(CCCCCCCCCCCCCC)CCCN1C(=O)C2=C3c4cnc(cn4)-c4sc(cc4C#N)-c4sc(cc4C#N)-c4cnc(cn4)C4=C5C(=O)N(CCCC(CCCCCCCCCCCCCC)CCCCCCCCCCCCCC)C(=C5C(=O)N4CCCC(CCCCCCCCCCCCCC)CCCCCCCCCCCCCC)c4cn:C(:cn4)C4:sc(cc:4C#N)-c4sc(cc4C#N)-c4cnc(cn4)C1=C2C(=O)N3CCCC(CCCCCCCCCCCCCC)CCCCCCCCCCCCCC,CCCCCCCCCCCCCCC(CCCCCCCCCCCCCC)CCCN1C(=O)C2=C3c4cnc(cn4)-c4sc(cc4C#N)-c4sc(cc4C#N)-c4cnc(cn4)C4=C5C(=O)N(CCCC(CCCCCCCCCCCCCC)CCCCCCCCCCCCCC)C(=C5C(=O)N4CCCC(CCCCCCCCCCCCCC)CCCCCCCCCCCCCC)c4cn:C(:cn4)C4:sc(cc:4C#N)-c4sc(cc4C#N)-c4cnc(cn4)C1=C2C(=O)N3CCCC(CCCCCCCCCCCCCC)CCCCCCCCCCCCCC
66,PTHS,CCCC[N+](CCCC)(CCCC)CCCC.*c1cc(CCCCCCS(=O)(=O)[O-])c(*)s1,CCCC[N+](CCCC)(CCCC)CCCC.CCCC[N+](CCCC)(CCCC)CCCC.O=S(=O)([O-])CCCCCCc1cc(c2sc(*)cc2CCCCCCS(=O)(=O)[O-])sc1*,CCCC[N+](CCCC)(CCCC)CCCC.CCCC[N+](CCCC)(CCCC)CCCC.O=S(=O)([O-])CCCCCCc1cc(c2sc(*)cc2CCCCCCS(=O)(=O)[O-])sc1*,CCCC[N+](CCCC)(CCCC)CCCC.O=S(=O)([O-])CCCCCCc1c:C2:s:C:12,CCCC[N+](CCCC)(CCCC)CCCC.CCCC[N+](CCCC)(CCCC)CCCC.O=S(=O)([O-])CCCCCCc1cc2s:C:1C1:cc(CCCCCCS(=O)(=O)[O-])c-2s:1,CCCC[N+](CCCC)(CCCC)CCCC.CCCC[N+](CCCC)(CCCC)CCCC.O=S(=O)([O-])CCCCCCc1cc2s:C:1C1:cc(CCCCCCS(=O)(=O)[O-])c-2s:1
67,DP6-PPV,*/C=C/c2cc(CCCCCC)c(*)c(c1ccccc1)c2c3ccccc3,CCCCCCc1cc(C=Cc2c(CCCCCC)cc(C=C*)c(-c3ccccc3)c2-c2ccccc2)c(-c2ccccc2)c(-c2ccccc2)c1*,CCCCCCc1cc(C=Cc2c(CCCCCC)cc(C=C*)c(-c3ccccc3)c2-c2ccccc2)c(-c2ccccc2)c(-c2ccccc2)c1*,CCCCCCc1cc2c(-c3ccccc3)c(-c3ccccc3):C:1C=C2,CCCCCCc1cc2c(-c3ccccc3)c(-c3ccccc3):C:1C=Cc1cc(CCCCCC)c(c(-c3ccccc3)c1-c1ccccc1)C=C2,CCCCCCc1cc2c(-c3ccccc3)c(-c3ccccc3):C:1C=Cc1cc(CCCCCC)c(c(-c3ccccc3)c1-c1ccccc1)C=C2
68,P3DT,*c1cc(CCCCCCCCCC)c(*)s1,CCCCCCCCCCc1cc(c2sc(*)cc2CCCCCCCCCC)sc1*,CCCCCCCCCCc1cc(c2sc(*)cc2CCCCCCCCCC)sc1*,CCCCCCCCCCc1c:C2:s:C:12,CCCCCCCCCCc1cc2s:C:1C1:cc(CCCCCCCCCC)c-2s:1,CCCCCCCCCCc1cc2s:C:1C1:cc(CCCCCCCCCC)c-2s:1
69,FBDOPV-2T,*c9ccc(c8ccc(c7ccc6c(=c4c(=O)oc5cc3c(=c1c(=O)n(CCCC(CCCCCCCCCCCCCCCCCC)CCCCCCCCCCCCCCCCCC)c2c(F)c(*)ccc12)c(=O)oc3cc45)c(=O)n(CCCC(CCCCCCCCCCCCCCCCCC)CCCCCCCCCCCCCCCCCC)c6c7F)s8)s9,CCCCCCCCCCCCCCCCCCC(CCCCCCCCCCCCCCCCCC)CCCN1C(=O)C(=C2C(=O)Oc3cc4c(cc32)OC(=O)C4=C2C(=O)N(CCCC(CCCCCCCCCCCCCCCCCC)CCCCCCCCCCCCCCCCCC)c3c2ccc(-c2ccc(-c4ccc(c5ccc6c(c5F)N(CCCC(CCCCCCCCCCCCCCCCCC)CCCCCCCCCCCCCCCCCC)C(=O)C6=C5C(=O)Oc6cc7c(cc65)OC(=O)C7=C5C(=O)N(CCCC(CCCCCCCCCCCCCCCCCC)CCCCCCCCCCCCCCCCCC)c6c5ccc(-c5ccc(-c7ccc(*)s7)s5)c6F)s4)s2)c3F)c2ccc(*)c(F)c21,CCCCCCCCCCCCCCCCCCC(CCCCCCCCCCCCCCCCCC)CCCN1C(=O)C(=C2C(=O)Oc3cc4c(cc32)OC(=O)C4=C2C(=O)N(CCCC(CCCCCCCCCCCCCCCCCC)CCCCCCCCCCCCCCCCCC)c3c2ccc(-c2ccc(-c4ccc(c5ccc6c(c5F)N(CCCC(CCCCCCCCCCCCCCCCCC)CCCCCCCCCCCCCCCCCC)C(=O)C6=C5C(=O)Oc6cc7c(cc65)OC(=O)C7=C5C(=O)N(CCCC(CCCCCCCCCCCCCCCCCC)CCCCCCCCCCCCCCCCCC)c6c5ccc(-c5ccc(-c7ccc(*)s7)s5)c6F)s4)s2)c3F)c2ccc(*)c(F)c21,CCCCCCCCCCCCCCCCCCC(CCCCCCCCCCCCCCCCCC)CCCN1C(=O)C2=C3C(=O)Oc4cc5c(cc43)OC(=O)C5=C3C(=O)N(CCCC(CCCCCCCCCCCCCCCCCC)CCCCCCCCCCCCCCCCCC)c4c3ccc(c4F)-c3ccc(s3)-c3cc:C(:s3)C3:ccc2c1c:3F,CCCCCCCCCCCCCCCCCCC(CCCCCCCCCCCCCCCCCC)CCCN1C(=O)C2=C3C(=O)Oc4cc5c(cc43)OC(=O)C5=C3C(=O)N(CCCC(CCCCCCCCCCCCCCCCCC)CCCCCCCCCCCCCCCCCC)c4c3cc:C(:c4F)C3:ccc(s:3)-c3ccc(s3)-c3ccc4c(c3F)N(CCCC(CCCCCCCCCCCCCCCCCC)CCCCCCCCCCCCCCCCCC)C(=O)C4=C3C(=O)Oc4cc5c(cc43)OC(=O)C5=C3C(=O)N(CCCC(CCCCCCCCCCCCCCCCCC)CCCCCCCCCCCCCCCCCC)c4c3ccc(c4F)-c3ccc(s3)-c3ccc(s3)-c3ccc2c1c3F,CCCCCCCCCCCCCCCCCCC(CCCCCCCCCCCCCCCCCC)CCCN1C(=O)C2=C3C(=O)Oc4cc5c(cc43)OC(=O)C5=C3C(=O)N(CCCC(CCCCCCCCCCCCCCCCCC)CCCCCCCCCCCCCCCCCC)c4c3cc:C(:c4F)C3:ccc(s:3)-c3ccc(s3)-c3ccc4c(c3F)N(CCCC(CCCCCCCCCCCCCCCCCC)CCCCCCCCCCCCCCCCCC)C(=O)C4=C3C(=O)Oc4cc5c(cc43)OC(=O)C5=C3C(=O)N(CCCC(CCCCCCCCCCCCCCCCCC)CCCCCCCCCCCCCCCCCC)c4c3ccc(c4F)-c3ccc(s3)-c3ccc(s3)-c3ccc2c1c3F
70,MBL-PPV,*/C=C/c1cc(OC)c(*)cc1OCCCCS(=O)(=O)[O-].[Li+],COc1cc(C=Cc2cc(OCCCCS(=O)(=O)[O-])c(C=C*)cc2OC)c(OCCCCS(=O)(=O)[O-])cc1*.[Li+].[Li+],COc1cc(C=Cc2cc(OCCCCS(=O)(=O)[O-])c(C=C*)cc2OC)c(OCCCCS(=O)(=O)[O-])cc1*.[Li+].[Li+],COc1cc2c(OCCCCS(=O)(=O)[O-])c:C:1C=C2.[Li+],COc1cc2c(OCCCCS(=O)(=O)[O-])c:C:1C=Cc1cc(OC)c(cc1OCCCCS(=O)(=O)[O-])C=C2.[Li+].[Li+],COc1cc2c(OCCCCS(=O)(=O)[O-])c:C:1C=Cc1cc(OC)c(cc1OCCCCS(=O)(=O)[O-])C=C2.[Li+].[Li+]
71,PLPP,CCCCCCCCCCc%13ccc(C6(c1ccc(CCCCCCCCCC)cc1)c4cc3c2ccc(*)cc2C(CCCCCCCCCC)(CCCCCCCCCC)c3cc4c5cc8c(cc56)c7cc%12c(cc7C8(c9ccc(CCCCCCCCCC)cc9)c%10ccc(CCCCCCCCCC)cc%10)c%11ccc(*)cc%11C%12(CCCCCCCCCC)CCCCCCCCCC)cc%13,CCCCCCCCCCc1ccc(C2(c3ccc(CCCCCCCCCC)cc3)c3cc4c(cc3-c3cc5c(cc32)-c2cc3c(cc2C5(c2ccc(CCCCCCCCCC)cc2)c2ccc(CCCCCCCCCC)cc2)-c2ccc(c5ccc6c(c5)C(CCCCCCCCCC)(CCCCCCCCCC)c5cc7c(cc5-6)C(c5ccc(CCCCCCCCCC)cc5)(c5ccc(CCCCCCCCCC)cc5)c5cc6c(cc5-7)C(c5ccc(CCCCCCCCCC)cc5)(c5ccc(CCCCCCCCCC)cc5)c5cc7c(cc5-6)C(CCCCCCCCCC)(CCCCCCCCCC)c5cc(*)ccc5-7)cc2C3(CCCCCCCCCC)CCCCCCCCCC)C(CCCCCCCCCC)(CCCCCCCCCC)c2cc(*)ccc2-4)cc1,CCCCCCCCCCc1ccc(C2(c3ccc(CCCCCCCCCC)cc3)c3cc4c(cc3-c3cc5c(cc32)-c2cc3c(cc2C5(c2ccc(CCCCCCCCCC)cc2)c2ccc(CCCCCCCCCC)cc2)-c2ccc(c5ccc6c(c5)C(CCCCCCCCCC)(CCCCCCCCCC)c5cc7c(cc5-6)C(c5ccc(CCCCCCCCCC)cc5)(c5ccc(CCCCCCCCCC)cc5)c5cc6c(cc5-7)C(c5ccc(CCCCCCCCCC)cc5)(c5ccc(CCCCCCCCCC)cc5)c5cc7c(cc5-6)C(CCCCCCCCCC)(CCCCCCCCCC)c5cc(*)ccc5-7)cc2C3(CCCCCCCCCC)CCCCCCCCCC)C(CCCCCCCCCC)(CCCCCCCCCC)c2cc(*)ccc2-4)cc1,CCCCCCCCCCc1ccc(C2(c3ccc(CCCCCCCCCC)cc3)c3cc4c5cc3-c3cc6c(cc32)-c2cc3c(cc2C6(c2ccc(CCCCCCCCCC)cc2)c2ccc(CCCCCCCCCC)cc2)-c2cc:C(:cc2C3(CCCCCCCCCC)CCCCCCCCCC)C2:ccc-4c(c:2)C5(CCCCCCCCCC)CCCCCCCCCC)cc1,CCCCCCCCCCc1ccc(C2(c3ccc(CCCCCCCCCC)cc3)c3cc4c5cc3-c3cc6c(cc32)-c2cc3c(cc2C6(c2ccc(CCCCCCCCCC)cc2)c2ccc(CCCCCCCCCC)cc2)-c2cc:C(:cc2C3(CCCCCCCCCC)CCCCCCCCCC)C2:ccc3c(c:2)C(CCCCCCCCCC)(CCCCCCCCCC)c2cc6c(cc2-3)C(c2ccc(CCCCCCCCCC)cc2)(c2ccc(CCCCCCCCCC)cc2)c2cc3c(cc2-6)C(c2ccc(CCCCCCCCCC)cc2)(c2ccc(CCCCCCCCCC)cc2)c2cc6c(cc2-3)C(CCCCCCCCCC)(CCCCCCCCCC)c2cc(ccc2-6)-c2ccc-4c(c2)C5(CCCCCCCCCC)CCCCCCCCCC)cc1,CCCCCCCCCCc1ccc(C2(c3ccc(CCCCCCCCCC)cc3)c3cc4c5cc3-c3cc6c(cc32)-c2cc3c(cc2C6(c2ccc(CCCCCCCCCC)cc2)c2ccc(CCCCCCCCCC)cc2)-c2cc:C(:cc2C3(CCCCCCCCCC)CCCCCCCCCC)C2:ccc3c(c:2)C(CCCCCCCCCC)(CCCCCCCCCC)c2cc6c(cc2-3)C(c2ccc(CCCCCCCCCC)cc2)(c2ccc(CCCCCCCCCC)cc2)c2cc3c(cc2-6)C(c2ccc(CCCCCCCCCC)cc2)(c2ccc(CCCCCCCCCC)cc2)c2cc6c(cc2-3)C(CCCCCCCCCC)(CCCCCCCCCC)c2cc(ccc2-6)-c2ccc-4c(c2)C5(CCCCCCCCCC)CCCCCCCCCC)cc1
72,NN1,*=c7c(=O)n(CCCCCCCCCCCC)c8c6C=CC5C(=c1c(=O)n(CC(CCCCCCCC)CCCCCCCCCC)c2c1ccc4c2ccc3c(=*)c(=O)n(CC(CCCCCCCC)CCCCCCCCCC)c34)C(=O)N(CCCCCCCCCCCC)C5c6ccc78,CCCCCCCCCCCCN1C(=O)C(=*)c2ccc3c(c21)C=CC1C(=C2C(=O)N(CC(CCCCCCCC)CCCCCCCCCC)c4c2ccc2c5c(ccc42)C(=C2C(=O)N(CCCCCCCCCCCC)c4c2ccc2c4C=CC4C(=C6C(=O)N(CC(CCCCCCCC)CCCCCCCCCC)c7c6ccc6c8c(ccc76)C(=*)C(=O)N8CC(CCCCCCCC)CCCCCCCCCC)C(=O)N(CCCCCCCCCCCC)C24)C(=O)N5CC(CCCCCCCC)CCCCCCCCCC)C(=O)N(CCCCCCCCCCCC)C31,CCCCCCCCCCCCN1C(=O)C(=*)c2ccc3c(c21)C=CC1C(=C2C(=O)N(CC(CCCCCCCC)CCCCCCCCCC)c4c2ccc2c5c(ccc42)C(=C2C(=O)N(CCCCCCCCCCCC)c4c2ccc2c4C=CC4C(=C6C(=O)N(CC(CCCCCCCC)CCCCCCCCCC)c7c6ccc6c8c(ccc76)C(=*)C(=O)N8CC(CCCCCCCC)CCCCCCCCCC)C(=O)N(CCCCCCCCCCCC)C24)C(=O)N5CC(CCCCCCCC)CCCCCCCCCC)C(=O)N(CCCCCCCCCCCC)C31,CCCCCCCCCCCCN1C(=O)C2=C3C(=O)N(CC(CCCCCCCC)CCCCCCCCCC)c4c3ccc3c5c(ccc43)C(=C3C(=O)N(CCCCCCCCCCCC)C4c6ccc2c1c6C=CC34)C(=O)N5CC(CCCCCCCC)CCCCCCCCCC,CCCCCCCCCCCCN1C(=O)C2=C3C(=O)N(CC(CCCCCCCC)CCCCCCCCCC)c4c3ccc3c5c(ccc43)C(=C3C(=O)N(CCCCCCCCCCCC)C4c6ccc7c(c6C=CC34)N(CCCCCCCCCCCC)C(=O)C7=C3C(=O)N(CC(CCCCCCCC)CCCCCCCCCC)c4c3ccc3c6c(ccc43)C(=C3C(=O)N(CCCCCCCCCCCC)C4c7ccc2c1c7C=CC34)C(=O)N6CC(CCCCCCCC)CCCCCCCCCC)C(=O)N5CC(CCCCCCCC)CCCCCCCCCC,CCCCCCCCCCCCN1C(=O)C2=C3C(=O)N(CC(CCCCCCCC)CCCCCCCCCC)c4c3ccc3c5c(ccc43)C(=C3C(=O)N(CCCCCCCCCCCC)C4c6ccc7c(c6C=CC34)N(CCCCCCCCCCCC)C(=O)C7=C3C(=O)N(CC(CCCCCCCC)CCCCCCCCCC)c4c3ccc3c6c(ccc43)C(=C3C(=O)N(CCCCCCCCCCCC)C4c7ccc2c1c7C=CC34)C(=O)N6CC(CCCCCCCC)CCCCCCCCCC)C(=O)N5CC(CCCCCCCC)CCCCCCCCCC
73,PCPDTPT-nC16,CCCCCCCCCCCCCCCC[C@]5(CCCCCCCCCCCCCCCC)c1cc(*)sc1c4sc(c2cnc(*)c3nsnc23)cc45,CCCCCCCCCCCCCCCCC1(CCCCCCCCCCCCCCCC)c2cc(c3ncc(-c4cc5c(s4)-c4sc(*)cc4C5(CCCCCCCCCCCCCCCC)CCCCCCCCCCCCCCCC)c4nsnc34)sc2-c2sc(-c3cnc(*)c4nsnc34)cc21,CCCCCCCCCCCCCCCCC1(CCCCCCCCCCCCCCCC)c2cc(c3ncc(-c4cc5c(s4)-c4sc(*)cc4C5(CCCCCCCCCCCCCCCC)CCCCCCCCCCCCCCCC)c4nsnc34)sc2-c2sc(-c3cnc(*)c4nsnc34)cc21,CCCCCCCCCCCCCCCCC1(CCCCCCCCCCCCCCCC)c2cc3sc2-c2s:C(:cc21)C1:ncc-3c2nsnc:12,CCCCCCCCCCCCCCCCC1(CCCCCCCCCCCCCCCC)c2cc3sc2-c2sc(cc21)-c1ncc(c2nsnc12)-c1cc2c(s1)-c1s:C(:cc1C2(CCCCCCCCCCCCCCCC)CCCCCCCCCCCCCCCC)C1:ncc-3c2nsnc:12,CCCCCCCCCCCCCCCCC1(CCCCCCCCCCCCCCCC)c2cc3sc2-c2sc(cc21)-c1ncc(c2nsnc12)-c1cc2c(s1)-c1s:C(:cc1C2(CCCCCCCCCCCCCCCC)CCCCCCCCCCCCCCCC)C1:ncc-3c2nsnc:12
74,PCPDTPT-ODD,CCCCCCCCCCC(CCCCCCCC)C[C@]5(CC(CCCCCCCC)CCCCCCCCCC)c1cc(*)sc1c4sc(c2cnc(*)c3nsnc23)cc45,CCCCCCCCCCC(CCCCCCCC)CC1(CC(CCCCCCCC)CCCCCCCCCC)c2cc(c3ncc(-c4cc5c(s4)-c4sc(*)cc4C5(CC(CCCCCCCC)CCCCCCCCCC)CC(CCCCCCCC)CCCCCCCCCC)c4nsnc34)sc2-c2sc(-c3cnc(*)c4nsnc34)cc21,CCCCCCCCCCC(CCCCCCCC)CC1(CC(CCCCCCCC)CCCCCCCCCC)c2cc(c3ncc(-c4cc5c(s4)-c4sc(*)cc4C5(CC(CCCCCCCC)CCCCCCCCCC)CC(CCCCCCCC)CCCCCCCCCC)c4nsnc34)sc2-c2sc(-c3cnc(*)c4nsnc34)cc21,CCCCCCCCCCC(CCCCCCCC)CC1(CC(CCCCCCCC)CCCCCCCCCC)c2cc3sc2-c2s:C(:cc21)C1:ncc-3c2nsnc:12,CCCCCCCCCCC(CCCCCCCC)CC1(CC(CCCCCCCC)CCCCCCCCCC)c2cc3sc2-c2sc(cc21)-c1ncc(c2nsnc12)-c1cc2c(s1)-c1s:C(:cc1C2(CC(CCCCCCCC)CCCCCCCCCC)CC(CCCCCCCC)CCCCCCCCCC)C1:ncc-3c2nsnc:12,CCCCCCCCCCC(CCCCCCCC)CC1(CC(CCCCCCCC)CCCCCCCCCC)c2cc3sc2-c2sc(cc21)-c1ncc(c2nsnc12)-c1cc2c(s1)-c1s:C(:cc1C2(CC(CCCCCCCC)CCCCCCCCCC)CC(CCCCCCCC)CCCCCCCCCC)C1:ncc-3c2nsnc:12
75,PCPDTPT-ene-ODD,CCCCCCCCCCC(CCCCCCCC)CC(CC(CCCCCCCC)CCCCCCCCCC)=c4c1cc(*)sc1c5sc(c2cnc(*)c3nsnc23)cc45,CCCCCCCCCCC(CCCCCCCC)CC(CC(CCCCCCCC)CCCCCCCCCC)=C1c2cc(c3ncc(-c4cc5c(s4)-c4sc(*)cc4C5=C(CC(CCCCCCCC)CCCCCCCCCC)CC(CCCCCCCC)CCCCCCCCCC)c4nsnc34)sc2-c2sc(-c3cnc(*)c4nsnc34)cc21,CCCCCCCCCCC(CCCCCCCC)CC(CC(CCCCCCCC)CCCCCCCCCC)=C1c2cc(c3ncc(-c4cc5c(s4)-c4sc(*)cc4C5=C(CC(CCCCCCCC)CCCCCCCCCC)CC(CCCCCCCC)CCCCCCCCCC)c4nsnc34)sc2-c2sc(-c3cnc(*)c4nsnc34)cc21,CCCCCCCCCCC(CCCCCCCC)CC(CC(CCCCCCCC)CCCCCCCCCC)=C1c2cc3sc2-c2s:C(:cc21)C1:ncc-3c2nsnc:12,CCCCCCCCCCC(CCCCCCCC)CC(CC(CCCCCCCC)CCCCCCCCCC)=C1c2cc3sc2-c2sc(cc21)-c1ncc(c2nsnc12)-c1cc2c(s1)-c1s:C(:cc1C2=C(CC(CCCCCCCC)CCCCCCCCCC)CC(CCCCCCCC)CCCCCCCCCC)C1:ncc-3c2nsnc:12,CCCCCCCCCCC(CCCCCCCC)CC(CC(CCCCCCCC)CCCCCCCCCC)=C1c2cc3sc2-c2sc(cc21)-c1ncc(c2nsnc12)-c1cc2c(s1)-c1s:C(:cc1C2=C(CC(CCCCCCCC)CCCCCCCCCC)CC(CCCCCCCC)CCCCCCCCCC)C1:ncc-3c2nsnc:12
76,PIDTFBT-C11-BO,*c1cc3c(s1)c2cc%14c(cc2[C@]3(CCCCCCCCCCCC(CCCC)CCCCCC)CCCCCCCCCCCC(CCCC)CCCCCC)c%13sc(c%11cc(F)c(c4cc6c(s4)c5cc%10c(cc5[C@@]6(CCCCCCCCCCCC(CCCC)CCCCCC)CCCCCCCCCCCC(CCCC)CCCCCC)c9sc(c7c(F)cc(*)c8nsnc78)cc9[C@]%10(CCCCCCCCCCCC(CCCC)CCCCCC)CCCCCCCCCCCC(CCCC)CCCCCC)c%12nsnc%11%12)cc%13[C@@]%14(CCCCCCCCCCCC(CCCC)CCCCCC)CCCCCCCCCCCC(CCCC)CCCCCC,CCCCCCC(CCCC)CCCCCCCCCCCC1(CCCCCCCCCCCC(CCCC)CCCCCC)c2cc3c(cc2-c2sc(*)cc21)C(CCCCCCCCCCCC(CCCC)CCCCCC)(CCCCCCCCCCCC(CCCC)CCCCCC)c1cc(-c2cc(F)c(-c4cc5c(s4)-c4cc6c(cc4C5(CCCCCCCCCCCC(CCCC)CCCCCC)CCCCCCCCCCCC(CCCC)CCCCCC)-c4sc(-c5c(F)cc(c7cc8c(s7)-c7cc9c(cc7C8(CCCCCCCCCCCC(CCCC)CCCCCC)CCCCCCCCCCCC(CCCC)CCCCCC)-c7sc(-c8cc(F)c(-c%10cc%11c(s%10)-c%10cc%12c(cc%10C%11(CCCCCCCCCCCC(CCCC)CCCCCC)CCCCCCCCCCCC(CCCC)CCCCCC)-c%10sc(-c%11c(F)cc(*)c%13nsnc%11%13)cc%10C%12(CCCCCCCCCCCC(CCCC)CCCCCC)CCCCCCCCCCCC(CCCC)CCCCCC)c%10nsnc8%10)cc7C9(CCCCCCCCCCCC(CCCC)CCCCCC)CCCCCCCCCCCC(CCCC)CCCCCC)c7nsnc57)cc4C6(CCCCCCCCCCCC(CCCC)CCCCCC)CCCCCCCCCCCC(CCCC)CCCCCC)c4nsnc24)sc1-3,CCCCCCC(CCCC)CCCCCCCCCCCC1(CCCCCCCCCCCC(CCCC)CCCCCC)c2cc3c(cc2-c2sc(*)cc21)C(CCCCCCCCCCCC(CCCC)CCCCCC)(CCCCCCCCCCCC(CCCC)CCCCCC)c1cc(-c2cc(F)c(-c4cc5c(s4)-c4cc6c(cc4C5(CCCCCCCCCCCC(CCCC)CCCCCC)CCCCCCCCCCCC(CCCC)CCCCCC)-c4sc(-c5c(F)cc(c7cc8c(s7)-c7cc9c(cc7C8(CCCCCCCCCCCC(CCCC)CCCCCC)CCCCCCCCCCCC(CCCC)CCCCCC)-c7sc(-c8cc(F)c(-c%10cc%11c(s%10)-c%10cc%12c(cc%10C%11(CCCCCCCCCCCC(CCCC)CCCCCC)CCCCCCCCCCCC(CCCC)CCCCCC)-c%10sc(-c%11c(F)cc(*)c%13nsnc%11%13)cc%10C%12(CCCCCCCCCCCC(CCCC)CCCCCC)CCCCCCCCCCCC(CCCC)CCCCCC)c%10nsnc8%10)cc7C9(CCCCCCCCCCCC(CCCC)CCCCCC)CCCCCCCCCCCC(CCCC)CCCCCC)c7nsnc57)cc4C6(CCCCCCCCCCCC(CCCC)CCCCCC)CCCCCCCCCCCC(CCCC)CCCCCC)c4nsnc24)sc1-3,CCCCCCC(CCCC)CCCCCCCCCCCC1(CCCCCCCCCCCC(CCCC)CCCCCC)c2cc3c4cc2-c2s:C(:cc21)C1:cc(F)c(c2nsnc:12)-c1cc2c(s1)-c1cc5c(cc1C2(CCCCCCCCCCCC(CCCC)CCCCCC)CCCCCCCCCCCC(CCCC)CCCCCC)-c1sc(cc1C5(CCCCCCCCCCCC(CCCC)CCCCCC)CCCCCCCCCCCC(CCCC)CCCCCC)-c1c(F)cc(c2nsnc12)-c1cc(c-3s1)C4(CCCCCCCCCCCC(CCCC)CCCCCC)CCCCCCCCCCCC(CCCC)CCCCCC,CCCCCCC(CCCC)CCCCCCCCCCCC1(CCCCCCCCCCCC(CCCC)CCCCCC)c2cc3c4cc2-c2sc(cc21)-c1cc(F)c(c2nsnc12)-c1cc2c(s1)-c1cc5c(cc1C2(CCCCCCCCCCCC(CCCC)CCCCCC)CCCCCCCCCCCC(CCCC)CCCCCC)-c1sc(cc1C5(CCCCCCCCCCCC(CCCC)CCCCCC)CCCCCCCCCCCC(CCCC)CCCCCC)-c1c(F)cc(c2nsnc12)-c1cc2c(s1)-c1cc5c(cc1C2(CCCCCCCCCCCC(CCCC)CCCCCC)CCCCCCCCCCCC(CCCC)CCCCCC)-c1sc(cc1C5(CCCCCCCCCCCC(CCCC)CCCCCC)CCCCCCCCCCCC(CCCC)CCCCCC)-c1cc(F)c(c2nsnc12)-c1cc2c(s1)-c1cc5c(cc1C2(CCCCCCCCCCCC(CCCC)CCCCCC)CCCCCCCCCCCC(CCCC)CCCCCC)-c1sc(cc1C5(CCCCCCCCCCCC(CCCC)CCCCCC)CCCCCCCCCCCC(CCCC)CCCCCC)-c1c(F)c:C(:c2nsnc12)C1:cc(c-3s:1)C4(CCCCCCCCCCCC(CCCC)CCCCCC)CCCCCCCCCCCC(CCCC)CCCCCC,CCCCCCC(CCCC)CCCCCCCCCCCC1(CCCCCCCCCCCC(CCCC)CCCCCC)c2cc3c4cc2-c2sc(cc21)-c1cc(F)c(c2nsnc12)-c1cc2c(s1)-c1cc5c(cc1C2(CCCCCCCCCCCC(CCCC)CCCCCC)CCCCCCCCCCCC(CCCC)CCCCCC)-c1sc(cc1C5(CCCCCCCCCCCC(CCCC)CCCCCC)CCCCCCCCCCCC(CCCC)CCCCCC)-c1c(F)cc(c2nsnc12)-c1cc2c(s1)-c1cc5c(cc1C2(CCCCCCCCCCCC(CCCC)CCCCCC)CCCCCCCCCCCC(CCCC)CCCCCC)-c1sc(cc1C5(CCCCCCCCCCCC(CCCC)CCCCCC)CCCCCCCCCCCC(CCCC)CCCCCC)-c1cc(F)c(c2nsnc12)-c1cc2c(s1)-c1cc5c(cc1C2(CCCCCCCCCCCC(CCCC)CCCCCC)CCCCCCCCCCCC(CCCC)CCCCCC)-c1sc(cc1C5(CCCCCCCCCCCC(CCCC)CCCCCC)CCCCCCCCCCCC(CCCC)CCCCCC)-c1c(F)c:C(:c2nsnc12)C1:cc(c-3s:1)C4(CCCCCCCCCCCC(CCCC)CCCCCC)CCCCCCCCCCCC(CCCC)CCCCCC
77,NN2,*=c7c(=O)n(CCCCCCCCCCCC)c8c6C=CC5C(=c1c(=O)n(CCCCC(CCCCCC)CCCCCCCC)c2c1ccc4c2ccc3c(=*)c(=O)n(CCCCC(CCCCCC)CCCCCCCC)c34)C(=O)N(CCCCCCCCCCCC)C5c6ccc78,CCCCCCCCCCCCN1C(=O)C(=*)c2ccc3c(c21)C=CC1C(=C2C(=O)N(CCCCC(CCCCCC)CCCCCCCC)c4c2ccc2c5c(ccc42)C(=C2C(=O)N(CCCCCCCCCCCC)c4c2ccc2c4C=CC4C(=C6C(=O)N(CCCCC(CCCCCC)CCCCCCCC)c7c6ccc6c8c(ccc76)C(=*)C(=O)N8CCCCC(CCCCCC)CCCCCCCC)C(=O)N(CCCCCCCCCCCC)C24)C(=O)N5CCCCC(CCCCCC)CCCCCCCC)C(=O)N(CCCCCCCCCCCC)C31,CCCCCCCCCCCCN1C(=O)C(=*)c2ccc3c(c21)C=CC1C(=C2C(=O)N(CCCCC(CCCCCC)CCCCCCCC)c4c2ccc2c5c(ccc42)C(=C2C(=O)N(CCCCCCCCCCCC)c4c2ccc2c4C=CC4C(=C6C(=O)N(CCCCC(CCCCCC)CCCCCCCC)c7c6ccc6c8c(ccc76)C(=*)C(=O)N8CCCCC(CCCCCC)CCCCCCCC)C(=O)N(CCCCCCCCCCCC)C24)C(=O)N5CCCCC(CCCCCC)CCCCCCCC)C(=O)N(CCCCCCCCCCCC)C31,CCCCCCCCCCCCN1C(=O)C2=C3C(=O)N(CCCCC(CCCCCC)CCCCCCCC)c4c3ccc3c5c(ccc43)C(=C3C(=O)N(CCCCCCCCCCCC)C4c6ccc2c1c6C=CC34)C(=O)N5CCCCC(CCCCCC)CCCCCCCC,CCCCCCCCCCCCN1C(=O)C2=C3C(=O)N(CCCCC(CCCCCC)CCCCCCCC)c4c3ccc3c5c(ccc43)C(=C3C(=O)N(CCCCCCCCCCCC)C4c6ccc7c(c6C=CC34)N(CCCCCCCCCCCC)C(=O)C7=C3C(=O)N(CCCCC(CCCCCC)CCCCCCCC)c4c3ccc3c6c(ccc43)C(=C3C(=O)N(CCCCCCCCCCCC)C4c7ccc2c1c7C=CC34)C(=O)N6CCCCC(CCCCCC)CCCCCCCC)C(=O)N5CCCCC(CCCCCC)CCCCCCCC,CCCCCCCCCCCCN1C(=O)C2=C3C(=O)N(CCCCC(CCCCCC)CCCCCCCC)c4c3ccc3c5c(ccc43)C(=C3C(=O)N(CCCCCCCCCCCC)C4c6ccc7c(c6C=CC34)N(CCCCCCCCCCCC)C(=O)C7=C3C(=O)N(CCCCC(CCCCCC)CCCCCCCC)c4c3ccc3c6c(ccc43)C(=C3C(=O)N(CCCCCCCCCCCC)C4c7ccc2c1c7C=CC34)C(=O)N6CCCCC(CCCCCC)CCCCCCCC)C(=O)N5CCCCC(CCCCCC)CCCCCCCC
78,PCPDTPT-HD,*c1cc5c(s1)c4sc(c2cnc(*)c3nsnc23)cc4[C@]5(CC(CCCCCC)CCCCCCCC)CC(CCCCCC)CCCCCCCC,CCCCCCCCC(CCCCCC)CC1(CC(CCCCCC)CCCCCCCC)c2cc(c3ncc(-c4cc5c(s4)-c4sc(*)cc4C5(CC(CCCCCC)CCCCCCCC)CC(CCCCCC)CCCCCCCC)c4nsnc34)sc2-c2sc(-c3cnc(*)c4nsnc34)cc21,CCCCCCCCC(CCCCCC)CC1(CC(CCCCCC)CCCCCCCC)c2cc(c3ncc(-c4cc5c(s4)-c4sc(*)cc4C5(CC(CCCCCC)CCCCCCCC)CC(CCCCCC)CCCCCCCC)c4nsnc34)sc2-c2sc(-c3cnc(*)c4nsnc34)cc21,CCCCCCCCC(CCCCCC)CC1(CC(CCCCCC)CCCCCCCC)c2cc3sc2-c2s:C(:cc21)C1:ncc-3c2nsnc:12,CCCCCCCCC(CCCCCC)CC1(CC(CCCCCC)CCCCCCCC)c2cc3sc2-c2sc(cc21)-c1ncc(c2nsnc12)-c1cc2c(s1)-c1s:C(:cc1C2(CC(CCCCCC)CCCCCCCC)CC(CCCCCC)CCCCCCCC)C1:ncc-3c2nsnc:12,CCCCCCCCC(CCCCCC)CC1(CC(CCCCCC)CCCCCCCC)c2cc3sc2-c2sc(cc21)-c1ncc(c2nsnc12)-c1cc2c(s1)-c1s:C(:cc1C2(CC(CCCCCC)CCCCCCCC)CC(CCCCCC)CCCCCCCC)C1:ncc-3c2nsnc:12
79,PCPDTFBT-C1-BO,CCCCCCC(CCCC)C[C@@]%10(CC(CCCC)CCCCCC)c1cc(*)sc1c9sc(c7cc(F)c(c2cc6c(s2)c5sc(c3c(F)cc(*)c4nsnc34)cc5[C@@]6(CC(CCCC)CCCCCC)CC(CCCC)CCCCCC)c8nsnc78)cc9%10,CCCCCCC(CCCC)CC1(CC(CCCC)CCCCCC)c2cc(*)sc2-c2sc(-c3cc(F)c(-c4cc5c(s4)-c4sc(-c6c(F)cc(c7cc8c(s7)-c7sc(-c9cc(F)c(-c%10cc%11c(s%10)-c%10sc(-c%12c(F)cc(*)c%13nsnc%12%13)cc%10C%11(CC(CCCC)CCCCCC)CC(CCCC)CCCCCC)c%10nsnc9%10)cc7C8(CC(CCCC)CCCCCC)CC(CCCC)CCCCCC)c7nsnc67)cc4C5(CC(CCCC)CCCCCC)CC(CCCC)CCCCCC)c4nsnc34)cc21,CCCCCCC(CCCC)CC1(CC(CCCC)CCCCCC)c2cc(*)sc2-c2sc(-c3cc(F)c(-c4cc5c(s4)-c4sc(-c6c(F)cc(c7cc8c(s7)-c7sc(-c9cc(F)c(-c%10cc%11c(s%10)-c%10sc(-c%12c(F)cc(*)c%13nsnc%12%13)cc%10C%11(CC(CCCC)CCCCCC)CC(CCCC)CCCCCC)c%10nsnc9%10)cc7C8(CC(CCCC)CCCCCC)CC(CCCC)CCCCCC)c7nsnc67)cc4C5(CC(CCCC)CCCCCC)CC(CCCC)CCCCCC)c4nsnc34)cc21,CCCCCCC(CCCC)CC1(CC(CCCC)CCCCCC)c2cc3sc2-c2s:C(:cc21)C1:cc(F)c(c2nsnc:12)-c1cc2c(s1)-c1sc(cc1C2(CC(CCCC)CCCCCC)CC(CCCC)CCCCCC)-c1c(F)cc-3c2nsnc12,CCCCCCC(CCCC)CC1(CC(CCCC)CCCCCC)c2c:C3:sc2-c2sc(cc21)-c1cc(F)c(c2nsnc12)-c1cc2c(s1)-c1sc(cc1C2(CC(CCCC)CCCCCC)CC(CCCC)CCCCCC)-c1c(F)cc(c2nsnc12)-c1cc2c(s1)-c1sc(cc1C2(CC(CCCC)CCCCCC)CC(CCCC)CCCCCC)-c1cc(F)c(c2nsnc12)-c1cc2c(s1)-c1sc(cc1C2(CC(CCCC)CCCCCC)CC(CCCC)CCCCCC)-c1c(F)c:C3:c2nsnc12,CCCCCCC(CCCC)CC1(CC(CCCC)CCCCCC)c2c:C3:sc2-c2sc(cc21)-c1cc(F)c(c2nsnc12)-c1cc2c(s1)-c1sc(cc1C2(CC(CCCC)CCCCCC)CC(CCCC)CCCCCC)-c1c(F)cc(c2nsnc12)-c1cc2c(s1)-c1sc(cc1C2(CC(CCCC)CCCCCC)CC(CCCC)CCCCCC)-c1cc(F)c(c2nsnc12)-c1cc2c(s1)-c1sc(cc1C2(CC(CCCC)CCCCCC)CC(CCCC)CCCCCC)-c1c(F)c:C3:c2nsnc12
80,PCPDTFBT-C3-BO,CCCCCCC(CCCC)CCC[C@]%10(CCCC(CCCC)CCCCCC)c1cc(*)sc1c9sc(c7cc(F)c(c2cc6c(s2)c5sc(c3c(F)cc(*)c4nsnc34)cc5[C@]6(CCCC(CCCC)CCCCCC)CCCC(CCCC)CCCCCC)c8nsnc78)cc9%10,CCCCCCC(CCCC)CCCC1(CCCC(CCCC)CCCCCC)c2cc(*)sc2-c2sc(-c3cc(F)c(-c4cc5c(s4)-c4sc(-c6c(F)cc(c7cc8c(s7)-c7sc(-c9cc(F)c(-c%10cc%11c(s%10)-c%10sc(-c%12c(F)cc(*)c%13nsnc%12%13)cc%10C%11(CCCC(CCCC)CCCCCC)CCCC(CCCC)CCCCCC)c%10nsnc9%10)cc7C8(CCCC(CCCC)CCCCCC)CCCC(CCCC)CCCCCC)c7nsnc67)cc4C5(CCCC(CCCC)CCCCCC)CCCC(CCCC)CCCCCC)c4nsnc34)cc21,CCCCCCC(CCCC)CCCC1(CCCC(CCCC)CCCCCC)c2cc(*)sc2-c2sc(-c3cc(F)c(-c4cc5c(s4)-c4sc(-c6c(F)cc(c7cc8c(s7)-c7sc(-c9cc(F)c(-c%10cc%11c(s%10)-c%10sc(-c%12c(F)cc(*)c%13nsnc%12%13)cc%10C%11(CCCC(CCCC)CCCCCC)CCCC(CCCC)CCCCCC)c%10nsnc9%10)cc7C8(CCCC(CCCC)CCCCCC)CCCC(CCCC)CCCCCC)c7nsnc67)cc4C5(CCCC(CCCC)CCCCCC)CCCC(CCCC)CCCCCC)c4nsnc34)cc21,CCCCCCC(CCCC)CCCC1(CCCC(CCCC)CCCCCC)c2cc3sc2-c2s:C(:cc21)C1:cc(F)c(c2nsnc:12)-c1cc2c(s1)-c1sc(cc1C2(CCCC(CCCC)CCCCCC)CCCC(CCCC)CCCCCC)-c1c(F)cc-3c2nsnc12,CCCCCCC(CCCC)CCCC1(CCCC(CCCC)CCCCCC)c2c:C3:sc2-c2sc(cc21)-c1cc(F)c(c2nsnc12)-c1cc2c(s1)-c1sc(cc1C2(CCCC(CCCC)CCCCCC)CCCC(CCCC)CCCCCC)-c1c(F)cc(c2nsnc12)-c1cc2c(s1)-c1sc(cc1C2(CCCC(CCCC)CCCCCC)CCCC(CCCC)CCCCCC)-c1cc(F)c(c2nsnc12)-c1cc2c(s1)-c1sc(cc1C2(CCCC(CCCC)CCCCCC)CCCC(CCCC)CCCCCC)-c1c(F)c:C3:c2nsnc12,CCCCCCC(CCCC)CCCC1(CCCC(CCCC)CCCCCC)c2c:C3:sc2-c2sc(cc21)-c1cc(F)c(c2nsnc12)-c1cc2c(s1)-c1sc(cc1C2(CCCC(CCCC)CCCCCC)CCCC(CCCC)CCCCCC)-c1c(F)cc(c2nsnc12)-c1cc2c(s1)-c1sc(cc1C2(CCCC(CCCC)CCCCCC)CCCC(CCCC)CCCCCC)-c1cc(F)c(c2nsnc12)-c1cc2c(s1)-c1sc(cc1C2(CCCC(CCCC)CCCCCC)CCCC(CCCC)CCCCCC)-c1c(F)c:C3:c2nsnc12
81,PCPDTFBT-C4-BO,*c1cc%10c(s1)c9sc(c7cc(F)c(c2cc6c(s2)c5sc(c3c(F)cc(*)c4nsnc34)cc5[C@]6(CCCCC(CCCC)CCCCCC)CCCCC(CCCC)CCCCCC)c8nsnc78)cc9[C@@]%10(CCCCC(CCCC)CCCCCC)CCCCC(CCCC)CCCCCC,CCCCCCC(CCCC)CCCCC1(CCCCC(CCCC)CCCCCC)c2cc(*)sc2-c2sc(-c3cc(F)c(-c4cc5c(s4)-c4sc(-c6c(F)cc(c7cc8c(s7)-c7sc(-c9cc(F)c(-c%10cc%11c(s%10)-c%10sc(-c%12c(F)cc(*)c%13nsnc%12%13)cc%10C%11(CCCCC(CCCC)CCCCCC)CCCCC(CCCC)CCCCCC)c%10nsnc9%10)cc7C8(CCCCC(CCCC)CCCCCC)CCCCC(CCCC)CCCCCC)c7nsnc67)cc4C5(CCCCC(CCCC)CCCCCC)CCCCC(CCCC)CCCCCC)c4nsnc34)cc21,CCCCCCC(CCCC)CCCCC1(CCCCC(CCCC)CCCCCC)c2cc(*)sc2-c2sc(-c3cc(F)c(-c4cc5c(s4)-c4sc(-c6c(F)cc(c7cc8c(s7)-c7sc(-c9cc(F)c(-c%10cc%11c(s%10)-c%10sc(-c%12c(F)cc(*)c%13nsnc%12%13)cc%10C%11(CCCCC(CCCC)CCCCCC)CCCCC(CCCC)CCCCCC)c%10nsnc9%10)cc7C8(CCCCC(CCCC)CCCCCC)CCCCC(CCCC)CCCCCC)c7nsnc67)cc4C5(CCCCC(CCCC)CCCCCC)CCCCC(CCCC)CCCCCC)c4nsnc34)cc21,CCCCCCC(CCCC)CCCCC1(CCCCC(CCCC)CCCCCC)c2cc3sc2-c2s:C(:cc21)C1:cc(F)c(c2nsnc:12)-c1cc2c(s1)-c1sc(cc1C2(CCCCC(CCCC)CCCCCC)CCCCC(CCCC)CCCCCC)-c1c(F)cc-3c2nsnc12,CCCCCCC(CCCC)CCCCC1(CCCCC(CCCC)CCCCCC)c2c:C3:sc2-c2sc(cc21)-c1cc(F)c(c2nsnc12)-c1cc2c(s1)-c1sc(cc1C2(CCCCC(CCCC)CCCCCC)CCCCC(CCCC)CCCCCC)-c1c(F)cc(c2nsnc12)-c1cc2c(s1)-c1sc(cc1C2(CCCCC(CCCC)CCCCCC)CCCCC(CCCC)CCCCCC)-c1cc(F)c(c2nsnc12)-c1cc2c(s1)-c1sc(cc1C2(CCCCC(CCCC)CCCCCC)CCCCC(CCCC)CCCCCC)-c1c(F)c:C3:c2nsnc12,CCCCCCC(CCCC)CCCCC1(CCCCC(CCCC)CCCCCC)c2c:C3:sc2-c2sc(cc21)-c1cc(F)c(c2nsnc12)-c1cc2c(s1)-c1sc(cc1C2(CCCCC(CCCC)CCCCCC)CCCCC(CCCC)CCCCCC)-c1c(F)cc(c2nsnc12)-c1cc2c(s1)-c1sc(cc1C2(CCCCC(CCCC)CCCCCC)CCCCC(CCCC)CCCCCC)-c1cc(F)c(c2nsnc12)-c1cc2c(s1)-c1sc(cc1C2(CCCCC(CCCC)CCCCCC)CCCCC(CCCC)CCCCCC)-c1c(F)c:C3:c2nsnc12
82,PCPDTFBT-C5-BO,*c1cc%10c(s1)c9sc(c7cc(F)c(c2cc6c(s2)c5sc(c3c(F)cc(*)c4nsnc34)cc5[C@]6(CCCCCC(CCCC)CCCCCC)CCCCCC(CCCC)CCCCCC)c8nsnc78)cc9[C@@]%10(CCCCCC(CCCC)CCCCCC)CCCCCC(CCCC)CCCCCC,CCCCCCC(CCCC)CCCCCC1(CCCCCC(CCCC)CCCCCC)c2cc(*)sc2-c2sc(-c3cc(F)c(-c4cc5c(s4)-c4sc(-c6c(F)cc(c7cc8c(s7)-c7sc(-c9cc(F)c(-c%10cc%11c(s%10)-c%10sc(-c%12c(F)cc(*)c%13nsnc%12%13)cc%10C%11(CCCCCC(CCCC)CCCCCC)CCCCCC(CCCC)CCCCCC)c%10nsnc9%10)cc7C8(CCCCCC(CCCC)CCCCCC)CCCCCC(CCCC)CCCCCC)c7nsnc67)cc4C5(CCCCCC(CCCC)CCCCCC)CCCCCC(CCCC)CCCCCC)c4nsnc34)cc21,CCCCCCC(CCCC)CCCCCC1(CCCCCC(CCCC)CCCCCC)c2cc(*)sc2-c2sc(-c3cc(F)c(-c4cc5c(s4)-c4sc(-c6c(F)cc(c7cc8c(s7)-c7sc(-c9cc(F)c(-c%10cc%11c(s%10)-c%10sc(-c%12c(F)cc(*)c%13nsnc%12%13)cc%10C%11(CCCCCC(CCCC)CCCCCC)CCCCCC(CCCC)CCCCCC)c%10nsnc9%10)cc7C8(CCCCCC(CCCC)CCCCCC)CCCCCC(CCCC)CCCCCC)c7nsnc67)cc4C5(CCCCCC(CCCC)CCCCCC)CCCCCC(CCCC)CCCCCC)c4nsnc34)cc21,CCCCCCC(CCCC)CCCCCC1(CCCCCC(CCCC)CCCCCC)c2cc3sc2-c2s:C(:cc21)C1:cc(F)c(c2nsnc:12)-c1cc2c(s1)-c1sc(cc1C2(CCCCCC(CCCC)CCCCCC)CCCCCC(CCCC)CCCCCC)-c1c(F)cc-3c2nsnc12,CCCCCCC(CCCC)CCCCCC1(CCCCCC(CCCC)CCCCCC)c2c:C3:sc2-c2sc(cc21)-c1cc(F)c(c2nsnc12)-c1cc2c(s1)-c1sc(cc1C2(CCCCCC(CCCC)CCCCCC)CCCCCC(CCCC)CCCCCC)-c1c(F)cc(c2nsnc12)-c1cc2c(s1)-c1sc(cc1C2(CCCCCC(CCCC)CCCCCC)CCCCCC(CCCC)CCCCCC)-c1cc(F)c(c2nsnc12)-c1cc2c(s1)-c1sc(cc1C2(CCCCCC(CCCC)CCCCCC)CCCCCC(CCCC)CCCCCC)-c1c(F)c:C3:c2nsnc12,CCCCCCC(CCCC)CCCCCC1(CCCCCC(CCCC)CCCCCC)c2c:C3:sc2-c2sc(cc21)-c1cc(F)c(c2nsnc12)-c1cc2c(s1)-c1sc(cc1C2(CCCCCC(CCCC)CCCCCC)CCCCCC(CCCC)CCCCCC)-c1c(F)cc(c2nsnc12)-c1cc2c(s1)-c1sc(cc1C2(CCCCCC(CCCC)CCCCCC)CCCCCC(CCCC)CCCCCC)-c1cc(F)c(c2nsnc12)-c1cc2c(s1)-c1sc(cc1C2(CCCCCC(CCCC)CCCCCC)CCCCCC(CCCC)CCCCCC)-c1c(F)c:C3:c2nsnc12
83,PCPDTFBT-C11-BO,CCCCCCC(CCCC)CCCCCCCCCCC[C@]%10(CCCCCCCCCCCC(CCCC)CCCCCC)c1cc(*)sc1c9sc(c7cc(F)c(c2cc6c(s2)c5sc(c3c(F)cc(*)c4nsnc34)cc5[C@]6(CCCCCCCCCCCC(CCCC)CCCCCC)CCCCCCCCCCCC(CCCC)CCCCCC)c8nsnc78)cc9%10,CCCCCCC(CCCC)CCCCCCCCCCCC1(CCCCCCCCCCCC(CCCC)CCCCCC)c2cc(*)sc2-c2sc(-c3cc(F)c(-c4cc5c(s4)-c4sc(-c6c(F)cc(c7cc8c(s7)-c7sc(-c9cc(F)c(-c%10cc%11c(s%10)-c%10sc(-c%12c(F)cc(*)c%13nsnc%12%13)cc%10C%11(CCCCCCCCCCCC(CCCC)CCCCCC)CCCCCCCCCCCC(CCCC)CCCCCC)c%10nsnc9%10)cc7C8(CCCCCCCCCCCC(CCCC)CCCCCC)CCCCCCCCCCCC(CCCC)CCCCCC)c7nsnc67)cc4C5(CCCCCCCCCCCC(CCCC)CCCCCC)CCCCCCCCCCCC(CCCC)CCCCCC)c4nsnc34)cc21,CCCCCCC(CCCC)CCCCCCCCCCCC1(CCCCCCCCCCCC(CCCC)CCCCCC)c2cc(*)sc2-c2sc(-c3cc(F)c(-c4cc5c(s4)-c4sc(-c6c(F)cc(c7cc8c(s7)-c7sc(-c9cc(F)c(-c%10cc%11c(s%10)-c%10sc(-c%12c(F)cc(*)c%13nsnc%12%13)cc%10C%11(CCCCCCCCCCCC(CCCC)CCCCCC)CCCCCCCCCCCC(CCCC)CCCCCC)c%10nsnc9%10)cc7C8(CCCCCCCCCCCC(CCCC)CCCCCC)CCCCCCCCCCCC(CCCC)CCCCCC)c7nsnc67)cc4C5(CCCCCCCCCCCC(CCCC)CCCCCC)CCCCCCCCCCCC(CCCC)CCCCCC)c4nsnc34)cc21,CCCCCCC(CCCC)CCCCCCCCCCCC1(CCCCCCCCCCCC(CCCC)CCCCCC)c2cc3sc2-c2s:C(:cc21)C1:cc(F)c(c2nsnc:12)-c1cc2c(s1)-c1sc(cc1C2(CCCCCCCCCCCC(CCCC)CCCCCC)CCCCCCCCCCCC(CCCC)CCCCCC)-c1c(F)cc-3c2nsnc12,CCCCCCC(CCCC)CCCCCCCCCCCC1(CCCCCCCCCCCC(CCCC)CCCCCC)c2c:C3:sc2-c2sc(cc21)-c1cc(F)c(c2nsnc12)-c1cc2c(s1)-c1sc(cc1C2(CCCCCCCCCCCC(CCCC)CCCCCC)CCCCCCCCCCCC(CCCC)CCCCCC)-c1c(F)cc(c2nsnc12)-c1cc2c(s1)-c1sc(cc1C2(CCCCCCCCCCCC(CCCC)CCCCCC)CCCCCCCCCCCC(CCCC)CCCCCC)-c1cc(F)c(c2nsnc12)-c1cc2c(s1)-c1sc(cc1C2(CCCCCCCCCCCC(CCCC)CCCCCC)CCCCCCCCCCCC(CCCC)CCCCCC)-c1c(F)c:C3:c2nsnc12,CCCCCCC(CCCC)CCCCCCCCCCCC1(CCCCCCCCCCCC(CCCC)CCCCCC)c2c:C3:sc2-c2sc(cc21)-c1cc(F)c(c2nsnc12)-c1cc2c(s1)-c1sc(cc1C2(CCCCCCCCCCCC(CCCC)CCCCCC)CCCCCCCCCCCC(CCCC)CCCCCC)-c1c(F)cc(c2nsnc12)-c1cc2c(s1)-c1sc(cc1C2(CCCCCCCCCCCC(CCCC)CCCCCC)CCCCCCCCCCCC(CCCC)CCCCCC)-c1cc(F)c(c2nsnc12)-c1cc2c(s1)-c1sc(cc1C2(CCCCCCCCCCCC(CCCC)CCCCCC)CCCCCCCCCCCC(CCCC)CCCCCC)-c1c(F)c:C3:c2nsnc12
84,PTEBS,O=S(=O)([O-])CCCOCCCc1cc(*)sc1*.[Na+],O=S(=O)([O-])CCCOCCCc1cc(c2sc(*)cc2CCCOCCCS(=O)(=O)[O-])sc1*.[Na+].[Na+],O=S(=O)([O-])CCCOCCCc1cc(c2sc(*)cc2CCCOCCCS(=O)(=O)[O-])sc1*.[Na+].[Na+],O=S(=O)([O-])CCCOCCCc1c:C2:s:C:12.[Na+],O=S(=O)([O-])CCCOCCCc1cc2s:C:1C1:cc(CCCOCCCS(=O)(=O)[O-])c-2s:1.[Na+].[Na+],O=S(=O)([O-])CCCOCCCc1cc2s:C:1C1:cc(CCCOCCCS(=O)(=O)[O-])c-2s:1.[Na+].[Na+]
85,AN1,*=c1c(=O)n(CCCCCCCCCCCC)c9c1ccc8cc6c(C=CC7C(=c2c(=O)n(CC(CCCCCCCC)CCCCCCCCCC)c3c2ccc5c3ccc4c(=*)c(=O)n(CC(CCCCCCCC)CCCCCCCCCC)c45)C(=O)N(CCCCCCCCCCCC)C67)cc89,CCCCCCCCCCCCN1C(=O)C(=*)c2ccc3cc4c(cc3c21)C=CC1C(=C2C(=O)N(CC(CCCCCCCC)CCCCCCCCCC)c3c2ccc2c5c(ccc32)C(=C2C(=O)N(CCCCCCCCCCCC)c3c2ccc2cc6c(cc32)C=CC2C(=C3C(=O)N(CC(CCCCCCCC)CCCCCCCCCC)c7c3ccc3c8c(ccc73)C(=*)C(=O)N8CC(CCCCCCCC)CCCCCCCCCC)C(=O)N(CCCCCCCCCCCC)C62)C(=O)N5CC(CCCCCCCC)CCCCCCCCCC)C(=O)N(CCCCCCCCCCCC)C41,CCCCCCCCCCCCN1C(=O)C(=*)c2ccc3cc4c(cc3c21)C=CC1C(=C2C(=O)N(CC(CCCCCCCC)CCCCCCCCCC)c3c2ccc2c5c(ccc32)C(=C2C(=O)N(CCCCCCCCCCCC)c3c2ccc2cc6c(cc32)C=CC2C(=C3C(=O)N(CC(CCCCCCCC)CCCCCCCCCC)c7c3ccc3c8c(ccc73)C(=*)C(=O)N8CC(CCCCCCCC)CCCCCCCCCC)C(=O)N(CCCCCCCCCCCC)C62)C(=O)N5CC(CCCCCCCC)CCCCCCCCCC)C(=O)N(CCCCCCCCCCCC)C41,CCCCCCCCCCCCN1C(=O)C2=C3C(=O)N(CC(CCCCCCCC)CCCCCCCCCC)c4c3ccc3c5c(ccc43)C(=C3C(=O)N(CCCCCCCCCCCC)C4c6cc7ccc2c1c7cc6C=CC34)C(=O)N5CC(CCCCCCCC)CCCCCCCCCC,CCCCCCCCCCCCN1C(=O)C2=C3C(=O)N(CC(CCCCCCCC)CCCCCCCCCC)c4c3ccc3c5c(ccc43)C(=C3C(=O)N(CCCCCCCCCCCC)C4c6cc7ccc8c(c7cc6C=CC34)N(CCCCCCCCCCCC)C(=O)C8=C3C(=O)N(CC(CCCCCCCC)CCCCCCCCCC)c4c3ccc3c6c(ccc43)C(=C3C(=O)N(CCCCCCCCCCCC)C4c7cc8ccc2c1c8cc7C=CC34)C(=O)N6CC(CCCCCCCC)CCCCCCCCCC)C(=O)N5CC(CCCCCCCC)CCCCCCCCCC,CCCCCCCCCCCCN1C(=O)C2=C3C(=O)N(CC(CCCCCCCC)CCCCCCCCCC)c4c3ccc3c5c(ccc43)C(=C3C(=O)N(CCCCCCCCCCCC)C4c6cc7ccc8c(c7cc6C=CC34)N(CCCCCCCCCCCC)C(=O)C8=C3C(=O)N(CC(CCCCCCCC)CCCCCCCCCC)c4c3ccc3c6c(ccc43)C(=C3C(=O)N(CCCCCCCCCCCC)C4c7cc8ccc2c1c8cc7C=CC34)C(=O)N6CC(CCCCCCCC)CCCCCCCCCC)C(=O)N5CC(CCCCCCCC)CCCCCCCCCC
86,TEHIF,CCCCCC(CC)CC3(CC(CC)CCCCC)c1cc(*)ccc1c2cc5c(cc23)c4ccc(*)cc4C5(CC(CC)CCCCC)CC(CC)CCCCC,CCCCCC(CC)CC1(CC(CC)CCCCC)c2cc(*)ccc2-c2cc3c(cc21)-c1ccc(c2ccc4c(c2)C(CC(CC)CCCCC)(CC(CC)CCCCC)c2cc5c(cc2-4)C(CC(CC)CCCCC)(CC(CC)CCCCC)c2cc(*)ccc2-5)cc1C3(CC(CC)CCCCC)CC(CC)CCCCC,CCCCCC(CC)CC1(CC(CC)CCCCC)c2cc(*)ccc2-c2cc3c(cc21)-c1ccc(c2ccc4c(c2)C(CC(CC)CCCCC)(CC(CC)CCCCC)c2cc5c(cc2-4)C(CC(CC)CCCCC)(CC(CC)CCCCC)c2cc(*)ccc2-5)cc1C3(CC(CC)CCCCC)CC(CC)CCCCC,CCCCCC(CC)CC1(CC(CC)CCCCC)c2c:C3:ccc2-c2cc4c(cc21)-c1cc:C3:cc1C4(CC(CC)CCCCC)CC(CC)CCCCC,CCCCCC(CC)CC1(CC(CC)CCCCC)c2c:C3:ccc2-c2cc4c(cc21)-c1ccc(cc1C4(CC(CC)CCCCC)CC(CC)CCCCC)-c1ccc2c(c1)C(CC(CC)CCCCC)(CC(CC)CCCCC)c1cc4c(cc1-2)C(CC(CC)CCCCC)(CC(CC)CCCCC)c1c:C3:ccc1-4,CCCCCC(CC)CC1(CC(CC)CCCCC)c2c:C3:ccc2-c2cc4c(cc21)-c1ccc(cc1C4(CC(CC)CCCCC)CC(CC)CCCCC)-c1ccc2c(c1)C(CC(CC)CCCCC)(CC(CC)CCCCC)c1cc4c(cc1-2)C(CC(CC)CCCCC)(CC(CC)CCCCC)c1c:C3:ccc1-4
87,PCPDTPT-ene-HD,CCCCCCCCC(CCCCCC)CC(CC(CCCCCC)CCCCCCCC)=c4c1cc(*)sc1c5sc(c2cnc(*)c3nsnc23)cc45,CCCCCCCCC(CCCCCC)CC(CC(CCCCCC)CCCCCCCC)=C1c2cc(c3ncc(-c4cc5c(s4)-c4sc(*)cc4C5=C(CC(CCCCCC)CCCCCCCC)CC(CCCCCC)CCCCCCCC)c4nsnc34)sc2-c2sc(-c3cnc(*)c4nsnc34)cc21,CCCCCCCCC(CCCCCC)CC(CC(CCCCCC)CCCCCCCC)=C1c2cc(c3ncc(-c4cc5c(s4)-c4sc(*)cc4C5=C(CC(CCCCCC)CCCCCCCC)CC(CCCCCC)CCCCCCCC)c4nsnc34)sc2-c2sc(-c3cnc(*)c4nsnc34)cc21,CCCCCCCCC(CCCCCC)CC(CC(CCCCCC)CCCCCCCC)=C1c2cc3sc2-c2s:C(:cc21)C1:ncc-3c2nsnc:12,CCCCCCCCC(CCCCCC)CC(CC(CCCCCC)CCCCCCCC)=C1c2cc3sc2-c2sc(cc21)-c1ncc(c2nsnc12)-c1cc2c(s1)-c1s:C(:cc1C2=C(CC(CCCCCC)CCCCCCCC)CC(CCCCCC)CCCCCCCC)C1:ncc-3c2nsnc:12,CCCCCCCCC(CCCCCC)CC(CC(CCCCCC)CCCCCCCC)=C1c2cc3sc2-c2sc(cc21)-c1ncc(c2nsnc12)-c1cc2c(s1)-c1s:C(:cc1C2=C(CC(CCCCCC)CCCCCCCC)CC(CCCCCC)CCCCCCCC)C1:ncc-3c2nsnc:12
88,PIDTCPDT-C11-BO,*c1cc3c(s1)c2cc8c(cc2[C@@]3(CCCCCCCCCCCC(CCCC)CCCCCC)CCCCCCCCCCCC(CCCC)CCCCCC)c7sc(c4cc6c(s4)c5sc(*)cc5[C@@]6(CCCCCCCCCCCC(CCCC)CCCCCC)CCCCCCCCCCCC(CCCC)CCCCCC)cc7[C@]8(CCCCCCCCCCCC(CCCC)CCCCCC)CCCCCCCCCCCC(CCCC)CCCCCC,CCCCCCC(CCCC)CCCCCCCCCCCC1(CCCCCCCCCCCC(CCCC)CCCCCC)c2cc3c(cc2-c2sc(*)cc21)C(CCCCCCCCCCCC(CCCC)CCCCCC)(CCCCCCCCCCCC(CCCC)CCCCCC)c1cc(-c2cc4c(s2)-c2sc(c5cc6c(s5)-c5cc7c(cc5C6(CCCCCCCCCCCC(CCCC)CCCCCC)CCCCCCCCCCCC(CCCC)CCCCCC)-c5sc(-c6cc8c(s6)-c6sc(*)cc6C8(CCCCCCCCCCCC(CCCC)CCCCCC)CCCCCCCCCCCC(CCCC)CCCCCC)cc5C7(CCCCCCCCCCCC(CCCC)CCCCCC)CCCCCCCCCCCC(CCCC)CCCCCC)cc2C4(CCCCCCCCCCCC(CCCC)CCCCCC)CCCCCCCCCCCC(CCCC)CCCCCC)sc1-3,CCCCCCC(CCCC)CCCCCCCCCCCC1(CCCCCCCCCCCC(CCCC)CCCCCC)c2cc3c(cc2-c2sc(*)cc21)C(CCCCCCCCCCCC(CCCC)CCCCCC)(CCCCCCCCCCCC(CCCC)CCCCCC)c1cc(-c2cc4c(s2)-c2sc(c5cc6c(s5)-c5cc7c(cc5C6(CCCCCCCCCCCC(CCCC)CCCCCC)CCCCCCCCCCCC(CCCC)CCCCCC)-c5sc(-c6cc8c(s6)-c6sc(*)cc6C8(CCCCCCCCCCCC(CCCC)CCCCCC)CCCCCCCCCCCC(CCCC)CCCCCC)cc5C7(CCCCCCCCCCCC(CCCC)CCCCCC)CCCCCCCCCCCC(CCCC)CCCCCC)cc2C4(CCCCCCCCCCCC(CCCC)CCCCCC)CCCCCCCCCCCC(CCCC)CCCCCC)sc1-3,CCCCCCC(CCCC)CCCCCCCCCCCC1(CCCCCCCCCCCC(CCCC)CCCCCC)c2cc3c4cc2-c2s:C(:cc21)C1:cc2c(s:1)-c1sc(cc1C2(CCCCCCCCCCCC(CCCC)CCCCCC)CCCCCCCCCCCC(CCCC)CCCCCC)-c1cc(c-3s1)C4(CCCCCCCCCCCC(CCCC)CCCCCC)CCCCCCCCCCCC(CCCC)CCCCCC,CCCCCCC(CCCC)CCCCCCCCCCCC1(CCCCCCCCCCCC(CCCC)CCCCCC)c2cc3c4cc2-c2sc(cc21)-c1cc2c(s1)-c1sc(cc1C2(CCCCCCCCCCCC(CCCC)CCCCCC)CCCCCCCCCCCC(CCCC)CCCCCC)-c1cc2c(s1)-c1cc5c(cc1C2(CCCCCCCCCCCC(CCCC)CCCCCC)CCCCCCCCCCCC(CCCC)CCCCCC)-c1sc(cc1C5(CCCCCCCCCCCC(CCCC)CCCCCC)CCCCCCCCCCCC(CCCC)CCCCCC)-c1cc2c(s1)-c1s:C(:cc1C2(CCCCCCCCCCCC(CCCC)CCCCCC)CCCCCCCCCCCC(CCCC)CCCCCC)C1:cc(c-3s:1)C4(CCCCCCCCCCCC(CCCC)CCCCCC)CCCCCCCCCCCC(CCCC)CCCCCC,CCCCCCC(CCCC)CCCCCCCCCCCC1(CCCCCCCCCCCC(CCCC)CCCCCC)c2cc3c4cc2-c2sc(cc21)-c1cc2c(s1)-c1sc(cc1C2(CCCCCCCCCCCC(CCCC)CCCCCC)CCCCCCCCCCCC(CCCC)CCCCCC)-c1cc2c(s1)-c1cc5c(cc1C2(CCCCCCCCCCCC(CCCC)CCCCCC)CCCCCCCCCCCC(CCCC)CCCCCC)-c1sc(cc1C5(CCCCCCCCCCCC(CCCC)CCCCCC)CCCCCCCCCCCC(CCCC)CCCCCC)-c1cc2c(s1)-c1s:C(:cc1C2(CCCCCCCCCCCC(CCCC)CCCCCC)CCCCCCCCCCCC(CCCC)CCCCCC)C1:cc(c-3s:1)C4(CCCCCCCCCCCC(CCCC)CCCCCC)CCCCCCCCCCCC(CCCC)CCCCCC
89,PIDTBT-nC16,*c1cc3c(s1)c2cc7c(cc2[C@]3(CCCCCCCCCCCCCCCC)CCCCCCCCCCCCCCCC)c6sc(c4ccc(*)c5nsnc45)cc6[C@]7(CCCCCCCCCCCCCCCC)CCCCCCCCCCCCCCCC,CCCCCCCCCCCCCCCCC1(CCCCCCCCCCCCCCCC)c2cc3c(cc2-c2sc(*)cc21)C(CCCCCCCCCCCCCCCC)(CCCCCCCCCCCCCCCC)c1cc(-c2ccc(c4cc5c(s4)-c4cc6c(cc4C5(CCCCCCCCCCCCCCCC)CCCCCCCCCCCCCCCC)-c4sc(-c5ccc(*)c7nsnc57)cc4C6(CCCCCCCCCCCCCCCC)CCCCCCCCCCCCCCCC)c4nsnc24)sc1-3,CCCCCCCCCCCCCCCCC1(CCCCCCCCCCCCCCCC)c2cc3c(cc2-c2sc(*)cc21)C(CCCCCCCCCCCCCCCC)(CCCCCCCCCCCCCCCC)c1cc(-c2ccc(c4cc5c(s4)-c4cc6c(cc4C5(CCCCCCCCCCCCCCCC)CCCCCCCCCCCCCCCC)-c4sc(-c5ccc(*)c7nsnc57)cc4C6(CCCCCCCCCCCCCCCC)CCCCCCCCCCCCCCCC)c4nsnc24)sc1-3,CCCCCCCCCCCCCCCCC1(CCCCCCCCCCCCCCCC)c2cc3c4cc2-c2s:C(:cc21)C1:ccc(c2nsnc:12)-c1cc(c-3s1)C4(CCCCCCCCCCCCCCCC)CCCCCCCCCCCCCCCC,CCCCCCCCCCCCCCCCC1(CCCCCCCCCCCCCCCC)c2cc3c4cc2-c2sc(cc21)-c1ccc(c2nsnc12)-c1cc2c(s1)-c1cc5c(cc1C2(CCCCCCCCCCCCCCCC)CCCCCCCCCCCCCCCC)-c1sc(cc1C5(CCCCCCCCCCCCCCCC)CCCCCCCCCCCCCCCC)-c1cc:C(:c2nsnc12)C1:cc(c-3s:1)C4(CCCCCCCCCCCCCCCC)CCCCCCCCCCCCCCCC,CCCCCCCCCCCCCCCCC1(CCCCCCCCCCCCCCCC)c2cc3c4cc2-c2sc(cc21)-c1ccc(c2nsnc12)-c1cc2c(s1)-c1cc5c(cc1C2(CCCCCCCCCCCCCCCC)CCCCCCCCCCCCCCCC)-c1sc(cc1C5(CCCCCCCCCCCCCCCC)CCCCCCCCCCCCCCCC)-c1cc:C(:c2nsnc12)C1:cc(c-3s:1)C4(CCCCCCCCCCCCCCCC)CCCCCCCCCCCCCCCC
90,AN2,*=c1c(=O)n(CCCCC(CCCCCC)CCCCCCCC)c2c1ccc9c2ccc8c(=C6C(=O)N(CCCCCCCCCCCC)C7C=Cc5cc3c(ccc4c3c(=*)c(=O)n4CCCCCCCCCCCC)cc5C67)c(=O)n(CCCCC(CCCCCC)CCCCCCCC)c89,CCCCCCCCCCCCN1C(=O)C(=*)c2c1ccc1cc3c(cc21)C=CC1C3C(=C2C(=O)N(CCCCC(CCCCCC)CCCCCCCC)c3c2ccc2c4c(ccc32)C(=C2C(=O)N(CCCCCCCCCCCC)c3ccc5cc6c(cc5c32)C=CC2C6C(=C3C(=O)N(CCCCC(CCCCCC)CCCCCCCC)c5c3ccc3c6c(ccc53)C(=*)C(=O)N6CCCCC(CCCCCC)CCCCCCCC)C(=O)N2CCCCCCCCCCCC)C(=O)N4CCCCC(CCCCCC)CCCCCCCC)C(=O)N1CCCCCCCCCCCC,CCCCCCCCCCCCN1C(=O)C(=*)c2c1ccc1cc3c(cc21)C=CC1C3C(=C2C(=O)N(CCCCC(CCCCCC)CCCCCCCC)c3c2ccc2c4c(ccc32)C(=C2C(=O)N(CCCCCCCCCCCC)c3ccc5cc6c(cc5c32)C=CC2C6C(=C3C(=O)N(CCCCC(CCCCCC)CCCCCCCC)c5c3ccc3c6c(ccc53)C(=*)C(=O)N6CCCCC(CCCCCC)CCCCCCCC)C(=O)N2CCCCCCCCCCCC)C(=O)N4CCCCC(CCCCCC)CCCCCCCC)C(=O)N1CCCCCCCCCCCC,CCCCCCCCCCCCN1C(=O)C2=C3C(=O)N(CCCCC(CCCCCC)CCCCCCCC)c4c3ccc3c5c(ccc43)C(=C3C(=O)N(CCCCCCCCCCCC)C4C=Cc6cc7c2c1ccc7cc6C34)C(=O)N5CCCCC(CCCCCC)CCCCCCCC,CCCCCCCCCCCCN1C(=O)C2=C3C(=O)N(CCCCC(CCCCCC)CCCCCCCC)c4c3ccc3c5c(ccc43)C(=C3C(=O)N(CCCCCCCCCCCC)C4C=Cc6cc7c8c(ccc7cc6C34)N(CCCCCCCCCCCC)C(=O)C8=C3C(=O)N(CCCCC(CCCCCC)CCCCCCCC)c4c3ccc3c6c(ccc43)C(=C3C(=O)N(CCCCCCCCCCCC)C4C=Cc7cc8c2c1ccc8cc7C34)C(=O)N6CCCCC(CCCCCC)CCCCCCCC)C(=O)N5CCCCC(CCCCCC)CCCCCCCC,CCCCCCCCCCCCN1C(=O)C2=C3C(=O)N(CCCCC(CCCCCC)CCCCCCCC)c4c3ccc3c5c(ccc43)C(=C3C(=O)N(CCCCCCCCCCCC)C4C=Cc6cc7c8c(ccc7cc6C34)N(CCCCCCCCCCCC)C(=O)C8=C3C(=O)N(CCCCC(CCCCCC)CCCCCCCC)c4c3ccc3c6c(ccc43)C(=C3C(=O)N(CCCCCCCCCCCC)C4C=Cc7cc8c2c1ccc8cc7C34)C(=O)N6CCCCC(CCCCCC)CCCCCCCC)C(=O)N5CCCCC(CCCCCC)CCCCCCCC
91,PDPPPyT-ODD,*c6ccc(c5ccc(c4c3c(=O)n(CC(CCCCCCCC)CCCCCCCCCC)c(c2ccc(c1ccc(*)s1)cn2)c3c(=O)n4CC(CCCCCCCC)CCCCCCCCCC)nc5)s6,CCCCCCCCCCC(CCCCCCCC)CN1C(=O)C2=C(c3ccc(-c4ccc(c5ccc(-c6ccc(C7=C8C(=O)N(CC(CCCCCCCC)CCCCCCCCCC)C(c9ccc(-c%10ccc(*)s%10)cn9)=C8C(=O)N7CC(CCCCCCCC)CCCCCCCCCC)nc6)s5)s4)cn3)N(CC(CCCCCCCC)CCCCCCCCCC)C(=O)C2=C1c1ccc(-c2ccc(*)s2)cn1,CCCCCCCCCCC(CCCCCCCC)CN1C(=O)C2=C(c3ccc(-c4ccc(c5ccc(-c6ccc(C7=C8C(=O)N(CC(CCCCCCCC)CCCCCCCCCC)C(c9ccc(-c%10ccc(*)s%10)cn9)=C8C(=O)N7CC(CCCCCCCC)CCCCCCCCCC)nc6)s5)s4)cn3)N(CC(CCCCCCCC)CCCCCCCCCC)C(=O)C2=C1c1ccc(-c2ccc(*)s2)cn1,CCCCCCCCCCC(CCCCCCCC)CN1C(=O)C2=C3c4ccc(cn4)-c4cc:C(:s4)C4:ccc(s:4)-c4ccc(nc4)C1=C2C(=O)N3CC(CCCCCCCC)CCCCCCCCCC,CCCCCCCCCCC(CCCCCCCC)CN1C(=O)C2=C3c4ccc(cn4)-c4ccc(s4)-c4ccc(s4)-c4ccc(nc4)C4=C5C(=O)N(CC(CCCCCCCC)CCCCCCCCCC)C(=C5C(=O)N4CC(CCCCCCCC)CCCCCCCCCC)c4ccc(cn4)-c4cc:C(:s4)C4:ccc(s:4)-c4ccc(nc4)C1=C2C(=O)N3CC(CCCCCCCC)CCCCCCCCCC,CCCCCCCCCCC(CCCCCCCC)CN1C(=O)C2=C3c4ccc(cn4)-c4ccc(s4)-c4ccc(s4)-c4ccc(nc4)C4=C5C(=O)N(CC(CCCCCCCC)CCCCCCCCCC)C(=C5C(=O)N4CC(CCCCCCCC)CCCCCCCCCC)c4ccc(cn4)-c4cc:C(:s4)C4:ccc(s:4)-c4ccc(nc4)C1=C2C(=O)N3CC(CCCCCCCC)CCCCCCCCCC
92,P6DPF,CCCCCCOc1cc(*)cc3c1c2ccc(*)cc2C3(c4ccccc4)c5ccccc5,CCCCCCOc1cc(*)cc2c1-c1ccc(c3cc(OCCCCCC)c4c(c3)C(c3ccccc3)(c3ccccc3)c3cc(*)ccc3-4)cc1C2(c1ccccc1)c1ccccc1,CCCCCCOc1cc(*)cc2c1-c1ccc(c3cc(OCCCCCC)c4c(c3)C(c3ccccc3)(c3ccccc3)c3cc(*)ccc3-4)cc1C2(c1ccccc1)c1ccccc1,CCCCCCOc1c:C2:cc3c1-c1cc:C2:cc1C3(c1ccccc1)c1ccccc1,CCCCCCOc1c:C2:cc3c1-c1ccc(cc1C3(c1ccccc1)c1ccccc1)-c1cc(OCCCCCC)c3c(c1)C(c1ccccc1)(c1ccccc1)c1c:C2:ccc1-3,CCCCCCOc1c:C2:cc3c1-c1ccc(cc1C3(c1ccccc1)c1ccccc1)-c1cc(OCCCCCC)c3c(c1)C(c1ccccc1)(c1ccccc1)c1c:C2:ccc1-3
93,P7DPF,CCCCCCCOc1cc(*)cc3c1c2ccc(*)cc2C3(c4ccccc4)c5ccccc5,CCCCCCCOc1cc(*)cc2c1-c1ccc(c3cc(OCCCCCCC)c4c(c3)C(c3ccccc3)(c3ccccc3)c3cc(*)ccc3-4)cc1C2(c1ccccc1)c1ccccc1,CCCCCCCOc1cc(*)cc2c1-c1ccc(c3cc(OCCCCCCC)c4c(c3)C(c3ccccc3)(c3ccccc3)c3cc(*)ccc3-4)cc1C2(c1ccccc1)c1ccccc1,CCCCCCCOc1c:C2:cc3c1-c1cc:C2:cc1C3(c1ccccc1)c1ccccc1,CCCCCCCOc1c:C2:cc3c1-c1ccc(cc1C3(c1ccccc1)c1ccccc1)-c1cc(OCCCCCCC)c3c(c1)C(c1ccccc1)(c1ccccc1)c1c:C2:ccc1-3,CCCCCCCOc1c:C2:cc3c1-c1ccc(cc1C3(c1ccccc1)c1ccccc1)-c1cc(OCCCCCCC)c3c(c1)C(c1ccccc1)(c1ccccc1)c1c:C2:ccc1-3
94,P8DPF,CCCCCCCCOc1cc(*)cc3c1c2ccc(*)cc2C3(c4ccccc4)c5ccccc5,CCCCCCCCOc1cc(*)cc2c1-c1ccc(c3cc(OCCCCCCCC)c4c(c3)C(c3ccccc3)(c3ccccc3)c3cc(*)ccc3-4)cc1C2(c1ccccc1)c1ccccc1,CCCCCCCCOc1cc(*)cc2c1-c1ccc(c3cc(OCCCCCCCC)c4c(c3)C(c3ccccc3)(c3ccccc3)c3cc(*)ccc3-4)cc1C2(c1ccccc1)c1ccccc1,CCCCCCCCOc1c:C2:cc3c1-c1cc:C2:cc1C3(c1ccccc1)c1ccccc1,CCCCCCCCOc1c:C2:cc3c1-c1ccc(cc1C3(c1ccccc1)c1ccccc1)-c1cc(OCCCCCCCC)c3c(c1)C(c1ccccc1)(c1ccccc1)c1c:C2:ccc1-3,CCCCCCCCOc1c:C2:cc3c1-c1ccc(cc1C3(c1ccccc1)c1ccccc1)-c1cc(OCCCCCCCC)c3c(c1)C(c1ccccc1)(c1ccccc1)c1c:C2:ccc1-3
95,P9DPF,CCCCCCCCCOc1cc(*)cc3c1c2ccc(*)cc2C3(c4ccccc4)c5ccccc5,CCCCCCCCCOc1cc(*)cc2c1-c1ccc(c3cc(OCCCCCCCCC)c4c(c3)C(c3ccccc3)(c3ccccc3)c3cc(*)ccc3-4)cc1C2(c1ccccc1)c1ccccc1,CCCCCCCCCOc1cc(*)cc2c1-c1ccc(c3cc(OCCCCCCCCC)c4c(c3)C(c3ccccc3)(c3ccccc3)c3cc(*)ccc3-4)cc1C2(c1ccccc1)c1ccccc1,CCCCCCCCCOc1c:C2:cc3c1-c1cc:C2:cc1C3(c1ccccc1)c1ccccc1,CCCCCCCCCOc1c:C2:cc3c1-c1ccc(cc1C3(c1ccccc1)c1ccccc1)-c1cc(OCCCCCCCCC)c3c(c1)C(c1ccccc1)(c1ccccc1)c1c:C2:ccc1-3,CCCCCCCCCOc1c:C2:cc3c1-c1ccc(cc1C3(c1ccccc1)c1ccccc1)-c1cc(OCCCCCCCCC)c3c(c1)C(c1ccccc1)(c1ccccc1)c1c:C2:ccc1-3
96,P3ImiHT,Cn2cc[n+](CCCCCCc1cc(*)sc1*)c2.[Br-],Cn1cc[n+](CCCCCCc2cc(c3sc(*)cc3CCCCCC[n+]3ccn(C)c3)sc2*)c1.[Br-].[Br-],Cn1cc[n+](CCCCCCc2cc(c3sc(*)cc3CCCCCC[n+]3ccn(C)c3)sc2*)c1.[Br-].[Br-],Cn1cc[n+](CCCCCCc2c:C3:s:C:23)c1.[Br-],Cn1cc[n+](CCCCCCc2cc3s:C:2C2:cc(CCCCCC[n+]4ccn(C)c4)c-3s:2)c1.[Br-].[Br-],Cn1cc[n+](CCCCCCc2cc3s:C:2C2:cc(CCCCCC[n+]4ccn(C)c4)c-3s:2)c1.[Br-].[Br-]
97,PM7-D2,CCCCCCCCCCOC(=O)c8c(c1ccc(*)s1)sc(c7ccc(c6cc5c(c2cc(Cl)c(CC(CC)CCCC)s2)c3sc(*)cc3c(c4cc(Cl)c(CC(CC)CCCC)s4)c5s6)s7)c8C(=O)OCCCCCCCCCC,CCCCCCCCCCOC(=O)c1c(-c2ccc(*)s2)sc(-c2ccc(-c3cc4c(-c5cc(Cl)c(CC(CC)CCCC)s5)c5sc(c6ccc(-c7sc(-c8ccc(-c9cc%10c(-c%11cc(Cl)c(CC(CC)CCCC)s%11)c%11sc(*)cc%11c(-c%11cc(Cl)c(CC(CC)CCCC)s%11)c%10s9)s8)c(C(=O)OCCCCCCCCCC)c7C(=O)OCCCCCCCCCC)s6)cc5c(-c5cc(Cl)c(CC(CC)CCCC)s5)c4s3)s2)c1C(=O)OCCCCCCCCCC,CCCCCCCCCCOC(=O)c1c(-c2ccc(*)s2)sc(-c2ccc(-c3cc4c(-c5cc(Cl)c(CC(CC)CCCC)s5)c5sc(c6ccc(-c7sc(-c8ccc(-c9cc%10c(-c%11cc(Cl)c(CC(CC)CCCC)s%11)c%11sc(*)cc%11c(-c%11cc(Cl)c(CC(CC)CCCC)s%11)c%10s9)s8)c(C(=O)OCCCCCCCCCC)c7C(=O)OCCCCCCCCCC)s6)cc5c(-c5cc(Cl)c(CC(CC)CCCC)s5)c4s3)s2)c1C(=O)OCCCCCCCCCC,CCCCCCCCCCOC(=O)c1c2sc(c1C(=O)OCCCCCCCCCC)-c1ccc(s1)-c1cc3c(-c4cc(Cl)c(CC(CC)CCCC)s4)c4s:C(:cc4c(-c4cc(Cl)c(CC(CC)CCCC)s4)c3s1)C1:ccc-2s:1,CCCCCCCCCCOC(=O)c1c2sc(c1C(=O)OCCCCCCCCCC)-c1ccc(s1)-c1cc3c(-c4cc(Cl)c(CC(CC)CCCC)s4)c4sc(cc4c(-c4cc(Cl)c(CC(CC)CCCC)s4)c3s1)-c1ccc(s1)-c1sc(c(C(=O)OCCCCCCCCCC)c1C(=O)OCCCCCCCCCC)-c1cc:C(:s1)C1:cc3c(-c4cc(Cl)c(CC(CC)CCCC)s4)c4sc(cc4c(-c4cc(Cl)c(CC(CC)CCCC)s4)c3s:1)-c1ccc-2s1,CCCCCCCCCCOC(=O)c1c2sc(c1C(=O)OCCCCCCCCCC)-c1ccc(s1)-c1cc3c(-c4cc(Cl)c(CC(CC)CCCC)s4)c4sc(cc4c(-c4cc(Cl)c(CC(CC)CCCC)s4)c3s1)-c1ccc(s1)-c1sc(c(C(=O)OCCCCCCCCCC)c1C(=O)OCCCCCCCCCC)-c1cc:C(:s1)C1:cc3c(-c4cc(Cl)c(CC(CC)CCCC)s4)c4sc(cc4c(-c4cc(Cl)c(CC(CC)CCCC)s4)c3s:1)-c1ccc-2s1
